location_id,stop_name,stop_lon,stop_lat,total,greater_98,average_distance,pct_error
964,"NW 6th Ave & Norwood",-122.426132,45.58239,1,1,163.28385,1.0000
2159,"NW 6th Ave 400 Block [eb]",-122.413544,45.584888,456,456,225.4315958157897,1.0000
1169,"NE 3rd Ave 1400 Block",-122.396698,45.588688,127,127,556.2663184724407,1.0000
2321,"NE 3rd Ave & Shepherd Rd",-122.375023,45.58836,123,123,174.4342133577234,1.0000
3179,"NE Multnomah & 9th",-122.656174,45.531506,461,460,155.5604862212582,0.9978
2329,"E St 1200 Block",-122.358612,45.581249,347,346,147.3150224380403,0.9971
6038,"Fairgrounds Ave at Ball Park",-122.52713,45.783257,74,73,301.09445882432436,0.9865
3037,"NW 36th Ave & 122nd St",-122.708252,45.708488,170,164,132.56049207058823,0.9647
1336,"Hwy 99 8500 Block",-122.660873,45.684727,1586,1521,147.83223347225695,0.9590
2351,"Main & 28th St",-122.341881,45.57798,1509,1446,170.62319107024513,0.9583
3701,"NE 139th St & 29th Ave [eb]",-122.641579,45.721851,61,58,167.68336819672137,0.9508
2079,"St Johns & 43rd Ave [nb]",-122.626663,45.676952,24,22,157.5239806666667,0.9167
4174,"NW 99th St & 9th Ave [wb]",-122.680038,45.692951,7,6,163.8544797142857,0.8571
6014,"NE 139th St & 10th Ave",-122.66214,45.721729,141,113,237.11282854609917,0.8014
6018,"SW Campus Dr & Main Dental School",-122.683952,45.498337,212,160,112.21561730660368,0.7547
6156,"Broadway & 15th Street [nb]",-122.670395,45.632721,9691,7038,110.23997121360023,0.7262
1020,"St James & Minnehaha",-122.638138,45.666611,471,322,105.36287155414017,0.6837
105,"Salmon Creek P&R",-122.659843,45.721519,4437,2876,163.43020532409292,0.6482
2331,"E St & Washougal River Rd",-122.354607,45.581131,8,4,89.92395862500001,0.5000
4151,"Hwy 99 & 122nd St [nb]",-122.649269,45.709518,62,29,95.07911698387095,0.4677
972,"Ft Vancouver Wy at O'Connell Sports Ctr [nb]",-122.655807,45.63456,5,2,66.16333,0.4000
1340,"Hwy 99 7400 Block",-122.662315,45.676418,15,6,181.5644112666666,0.4000
6019,"SW Campus Dr & Terwilliger",-122.68261,45.499195,61,19,73.68728116393444,0.3115
780,"NE 7th Ave & 101st St",-122.664238,45.693748,156,47,91.38176106410256,0.3013
6163,"General Anderson [eb]",-122.620941,45.639999,9845,2733,89.00458559421062,0.2776
3382,"NE 3rd Ave & Joy",-122.397942,45.588188,290,66,90.93352578965516,0.2276
6017,"700 SW Campus Dr at Doernbecher",-122.685783,45.497978,103,19,79.89634439805828,0.1845
3313,"NE 7th Ave & 101st St",-122.66436,45.693684,199,30,81.93788121105526,0.1508
3173,"NE Multnomah & Grand [wb]",-122.66037,45.531559,149,21,56.343513382550356,0.1409
5002,"SW 5th & Morrison",-122.677658,45.518875,2249,289,71.8452896638506,0.1285
4150,"Hwy 99 & 117th St [nb]",-122.649498,45.705811,501,63,76.34301846107776,0.1257
1075,"NE 18th St & Andresen [wb]",-122.600739,45.636696,211,25,28.77406245971566,0.1185
3741,"Yacolt Rd & Railroad Ave",-122.408119,45.866879,151,15,63.90024703973514,0.0993
1344,"Hwy 99 & 107th St",-122.653,45.699921,421,39,72.54188521852734,0.0926
3043,"Seward Rd & Creekside Dr",-122.707893,45.721729,79,7,36.41511573417721,0.0886
3017,"NW 36th Ave & 124th St [sb]",-122.708199,45.710812,12,1,18.940986833333334,0.0833
1334,"Hwy 99 & 99th St [sb]",-122.656448,45.693661,767,63,34.906036116036525,0.0821
2345,"Addy St 3900 Block",-122.326851,45.573639,37,3,31.11703643243244,0.0811
781,"Hazel Dell Ave & 105th St",-122.669022,45.69659,125,10,33.484103175999984,0.0800
3242,"Bernie Dr & Fruit Valley Rd",-122.690376,45.673222,208,16,45.48422162980769,0.0769
984,"St Johns & 54th St",-122.636299,45.661949,452,34,25.02746880530973,0.0752
744,"NW 9th Ave & 78th St",-122.679703,45.679379,42,3,34.99058323809524,0.0714
1106,"Evergreen Blvd 1400 Block [eb]",-122.656792,45.627129,28,2,76.98739789285715,0.0714
2984,"NW 99th St 900 Block",-122.681267,45.69278,29,2,29.07162331034483,0.0690
967,"NW 6th Ave & 6th Ave [eb]",-122.426086,45.582249,402,26,71.72729664427867,0.0647
5001,"SW 5th & Alder",-122.677284,45.519558,3501,211,45.66819198029146,0.0603
1040,"E 18th St & Devine",-122.615562,45.634953,1039,62,29.008818760346493,0.0597
3095,"NE 162nd Ave & 39th St",-122.50618,45.649899,740,43,25.28559581351349,0.0581
1100,"Fourth Plain & 112th Ave [wb]",-122.558434,45.665939,208,12,24.475937625000007,0.0577
2710,"NW 78th St & Fruit Valley Rd [eb]",-122.691643,45.678421,157,9,30.356845165605115,0.0573
3260,"Mill Plain & Franklin [wb]",-122.677803,45.632801,105,6,26.309155809523816,0.0571
315,"St Johns & 78th St [nb]",-122.625481,45.679428,1135,61,23.950029463436127,0.0537
5005,"SW 5th & Madison",-122.679413,45.515549,1677,89,83.08042768992237,0.0531
660,"McLoughlin & Z St [wb]",-122.644112,45.632542,201,10,14.38766189552239,0.0498
1116,"Evergreen Blvd 4700 Block [eb]",-122.623718,45.622208,402,20,39.710435942786056,0.0498
2844,"Lincoln & 46th St [sb]",-122.682564,45.65514,41,2,34.67566624390245,0.0488
2979,"NW 21st Ave & 108th St",-122.692818,45.69936,66,3,70.44798113636365,0.0455
1115,"Evergreen Blvd & Fairview Dr",-122.625816,45.622921,116,5,27.4442242413793,0.0431
1039,"E 18th St & Carlson Rd",-122.618019,45.634731,538,23,24.45743054832715,0.0428
2007,"Lincoln & 57th St [sb]",-122.682518,45.66375,72,3,30.96040416666665,0.0417
3200,"NW 99th Street 200 Block",-122.672302,45.692879,24,1,24.646344208333332,0.0417
6159,"Gaiser Hall [nb]",-122.650719,45.637081,9713,397,67.73452617811152,0.0409
2998,"NW 36th Ave & 122nd St",-122.708122,45.708771,225,9,54.16444130222224,0.0400
305,"SE 162nd Ave & Village Loop",-122.505859,45.599529,403,16,26.02351481885855,0.0397
5009,"SW 5th & Hall",-122.682388,45.51025,2230,88,47.03318281883398,0.0395
533,"Columbia & McLoughlin Blvd",-122.673698,45.635288,76,3,20.240142986842113,0.0395
2218,"Hwy 99 11300 Block",-122.651093,45.703461,26,1,24.852344538461537,0.0385
2733,"NE 78th St 4700 Block",-122.623932,45.67886,650,24,30.928475906153846,0.0369
3275,"Grand & 6th St [nb]",-122.640579,45.624676,55,2,25.150374999999997,0.0364
3383,"NE 3rd Ave & Wedgewood Ct",-122.381538,45.588539,28,1,68.68657185714287,0.0357
3132,"Andresen & Gulf Dr",-122.60199,45.617588,171,6,34.24756039766084,0.0351
721,"Fourth Plain & Norris [wb]",-122.638351,45.63784,173,6,16.66745879190751,0.0347
5004,"SW 5th & Main",-122.679077,45.516209,790,27,41.8293611531645,0.0342
1257,"Mill Plain & Ft Vancouver Wy [wb]",-122.660439,45.630367,2765,93,39.563462216998204,0.0336
6119,"NE 99th St & Hwy 99 [wb]",-122.655975,45.693169,1108,37,39.709856138989224,0.0334
2395,"NE 117th Ave & 149th St [sb]",-122.552498,45.72908,728,24,23.50453053434066,0.0330
3381,"NE 3rd Ave 2000 Block",-122.386833,45.58868,183,6,63.73935071584699,0.0328
3308,"Grand 300 Block [sb]",-122.643387,45.622162,93,3,28.933936247311824,0.0323
308,"Village Loop & 162nd Ave",-122.506027,45.600159,465,15,48.353002060215026,0.0323
3041,"NW 36th Ave at Salmon Creek Trail",-122.707718,45.721699,31,1,59.959116161290325,0.0323
2838,"NW 78th St & 10th Ave [wb]",-122.680351,45.67873,188,6,20.08162893085106,0.0319
554,"Lincoln & Bernie Dr",-122.682449,45.66819,157,5,18.46432542675159,0.0318
6016,"SW Campus Dr & Loading Dock 5",-122.685104,45.49884,126,4,51.26628535714285,0.0317
755,"Hazel Dell Ave & 103rd St",-122.6689,45.69577,64,2,29.98702384375001,0.0313
6107,"Columbia & Evergreen Blvd",-122.673897,45.628593,65,2,19.741166846153842,0.0308
939,"NE 112th Ave & 34th Cir",-122.55835,45.64703,263,8,19.108266775665395,0.0304
6070,"Evergreen Blvd & Columbia",-122.673981,45.628769,230,7,23.58461984782609,0.0304
3195,"N Vancouver & Weidler",-122.66777,45.534512,66,2,30.145104227272725,0.0303
1013,"St Johns 8600 Block",-122.625717,45.684441,265,8,20.04925186415094,0.0302
323,"Village Loop & McGillivray [sb]",-122.508369,45.604172,1272,38,18.95067048270444,0.0299
6133,"Columbia & 15th St",-122.673859,45.63269,102,3,17.631747578431384,0.0294
558,"Bernie Dr 6400 Block",-122.68486,45.669315,34,1,51.49873938235294,0.0294
2839,"NW 78th St & 12th Ave [wb]",-122.684258,45.678761,68,2,17.40361572058824,0.0294
2736,"NE 78th St & 19th Ct",-122.652771,45.678711,207,6,33.698689270531396,0.0290
6085,"SE 34th St & 177th Ave [wb]",-122.491219,45.596889,316,9,31.184563297468358,0.0285
6090,"SE 34th Street & 189th Avenue [eb]",-122.479912,45.596584,780,22,36.39186525641021,0.0282
5003,"SW 5th & Salmon",-122.678726,45.51693,1788,50,36.28187043903807,0.0280
2726,"NE 99th St & 43rd Ave",-122.62693,45.693119,288,8,22.045458843749994,0.0278
4138,"Kauffman & 25th St [nb]",-122.680946,45.640034,109,3,27.744017752293555,0.0275
6118,"LaLonde & St Johns [wb]",-122.617615,45.692722,772,21,24.539075155440393,0.0272
6020,"Mill Plain & 18000 Block [eb]",-122.486832,45.615299,487,13,33.249049312114984,0.0267
2059,"Evergreen Blvd 1200 Block [wb]",-122.658119,45.62746,38,1,36.144398736842106,0.0263
2060,"Evergreen Blvd at Howard House",-122.664246,45.628658,1189,31,29.637061682085772,0.0261
2647,"Ft Vancouver Wy & McLoughlin [nb]",-122.658333,45.632919,736,19,30.80371869293473,0.0258
1065,"NE 28th St & 112th Ave",-122.55677,45.642849,3382,87,25.155086763453497,0.0257
2725,"NE 99th St & 41st Ct",-122.628693,45.69326,273,7,21.31395829670331,0.0256
985,"St Johns & 58th St",-122.636368,45.664028,468,12,22.913394510683748,0.0256
6086,"SE 34th St & 172nd Ave [wb]",-122.498055,45.596764,198,5,20.7154801010101,0.0253
729,"Main & 30th St [nb]",-122.669952,45.643085,845,21,36.08312525680474,0.0249
752,"NW 99th St & 8th Ave",-122.678741,45.692829,611,15,40.19093486743043,0.0245
687,"Plomondon & Caples [eb]",-122.624268,45.642948,245,6,27.27054439183674,0.0245
4182,"NW 119th St & 35th Ave",-122.707169,45.707062,207,5,43.01130430917873,0.0242
900,"NE 76th St & 103rd Ave [wb]",-122.567162,45.677799,83,2,18.944491072289157,0.0241
2750,"NE 99th St & 26th Ave",-122.643494,45.693211,468,11,20.112431613247896,0.0235
2093,"St Johns 8900 Block",-122.62429,45.687038,255,6,23.032498584313736,0.0235
3028,"Hazel Dell Ave 8900 Block",-122.669403,45.686989,300,7,61.81691983999998,0.0233
3253,"NE 78th St 3300 Block",-122.635948,45.678661,43,1,18.757386069767442,0.0233
2216,"Hwy 99 & 117th [sb]",-122.649689,45.705921,346,8,24.001846621387283,0.0231
3058,"NE 18th St & 65th Ave [eb]",-122.60408,45.63636,1344,31,21.345914223958342,0.0231
2091,"St Johns & 93rd St",-122.621727,45.688702,218,5,22.66486455045872,0.0229
4147,"Hazel Dell Ave & 60th St",-122.668983,45.665871,222,5,25.791870414414408,0.0225
217,"Andresen & Fourth Plain [nb]",-122.600601,45.644039,1654,36,15.757549206166829,0.0218
1074,"Burton 7700 Block [wb]",-122.593483,45.640419,505,11,20.937636180198023,0.0218
789,"NW 9th Ave & 79th St",-122.679764,45.679859,46,1,27.4660642826087,0.0217
2665,"E 33rd St & Y St [eb]",-122.64476,45.645031,230,5,62.15391094347829,0.0217
750,"NW 9th Ave 9600 Block [nb]",-122.679459,45.691269,93,2,19.600328559139783,0.0215
4175,"NW 119th St 2100 Block",-122.693321,45.707352,140,3,24.281766271428566,0.0214
112,"Andresen P&R",-122.598946,45.642715,800,17,21.785472225000024,0.0213
4165,"Jefferson & 12th St [nb]",-122.681374,45.630562,990,21,17.133092174747496,0.0212
1112,"Evergreen Blvd & Ash St",-122.636559,45.62579,432,9,22.8611911550926,0.0208
2320,"NE 3rd Ave 2800 Block",-122.376358,45.588402,48,1,25.099538562499998,0.0208
4143,"Hazel Dell Ave & 101st St",-122.668983,45.694321,196,4,36.44916542857141,0.0204
1142,"Evergreen Blvd & Harney Wy [wb]",-122.629211,45.623951,98,2,23.453544591836728,0.0204
6066,"Columbia House Blvd at Park & Ride",-122.638931,45.619469,2081,42,54.58922795771272,0.0202
6067,"Evergreen Blvd & Daniels",-122.674744,45.62886,455,9,17.600351487912086,0.0198
4181,"Bliss Rd & 26th Ave",-122.69738,45.72612,101,2,24.464169653465348,0.0198
6096,"NE 117th Ave & 65th St [sb]",-122.552696,45.670166,559,11,22.204917003577805,0.0197
728,"Fourth Plain & F St [wb]",-122.666901,45.640228,763,15,31.234724695937057,0.0197
2996,"NE 78th St 4800 Block",-122.620918,45.678638,51,1,10.56587011764706,0.0196
3128,"Burton & 87th Ave",-122.584114,45.639694,717,14,27.146574649930276,0.0195
536,"Columbia & 27th St [nb]",-122.673569,45.640881,155,3,23.50942147096774,0.0194
3259,"W 15th St 400 Block",-122.674973,45.63261,52,1,30.158036730769233,0.0192
1307,"Mill Plain 14100 Block [eb]",-122.52758,45.617939,1097,21,28.390161720145844,0.0191
1138,"Andresen & Evergreen Blvd [sb]",-122.604118,45.61454,262,5,28.313334778625954,0.0191
6002,"SW 6th & Columbia",-122.681068,45.514282,3815,73,30.669568483617297,0.0191
1346,"Hwy 99 7900 Block",-122.661644,45.680153,2045,39,24.56735775892426,0.0191
6083,"SE 34th St & 189th Ave [wb]",-122.480003,45.596771,525,10,24.005605758095257,0.0190
2664,"E 33rd St & V St [eb]",-122.64785,45.64502,105,2,16.76197359047619,0.0190
1120,"Andresen & 18th St [nb]",-122.600082,45.637093,853,16,26.785273159437303,0.0188
853,"NE 117th Ave & 76th St [sb]",-122.552658,45.678619,700,13,26.729350670000006,0.0186
2137,"Mill Plain & 160th Ave",-122.50898,45.616005,2485,46,62.780114816498994,0.0185
6089,"SE 34th Street & Hiddenbrook Dr [eb]",-122.483711,45.596546,270,5,68.04306123703705,0.0185
3022,"Hazel Dell Ave 7900 Block",-122.66922,45.680019,380,7,37.061091436842105,0.0184
5008,"SW 5th & Harrison",-122.681969,45.510895,1702,31,30.2462621786134,0.0182
1071,"Burton & 84th Ave",-122.586617,45.639969,1321,24,24.414566530658586,0.0182
6006,"SW 6th & Stark",-122.67749,45.520966,2914,53,36.65218871413866,0.0182
544,"Columbia & 33rd St [nb]",-122.673508,45.645229,110,2,20.267135163636375,0.0182
701,"Van Mall Dr & 94th Ave [wb]",-122.577606,45.658257,1617,29,19.000559429808323,0.0179
573,"Columbia & 29th St [sb]",-122.673683,45.642502,56,1,23.88700525000001,0.0179
3038,"NW 139th St at Sky View High School",-122.685051,45.7216,560,10,27.94804814107142,0.0179
2410,"NW 119th St at Felida Elementary",-122.699074,45.70731,279,5,20.077768279569895,0.0179
2210,"Hwy 99 6600 Block [nb]",-122.663399,45.6703,615,11,33.98427056585363,0.0179
3031,"NE 78th St & Hwy 99",-122.660103,45.678661,838,15,24.843567311455878,0.0179
231,"E 33rd St & Main, fairside  [wb]",-122.669922,45.645466,169,3,11.777414828402366,0.0178
1354,"Hwy 99 6600 Block [sb]",-122.663719,45.670448,458,8,28.535027065502184,0.0175
1315,"SE 164th Ave & McGillivray [sb]",-122.504066,45.603806,1282,22,21.738703284711367,0.0172
848,"NE 117th Ave & 107th St [sb]",-122.55291,45.699539,176,3,20.328215812500005,0.0170
989,"St Johns & 37th Ave [nb]",-122.63324,45.67395,118,2,20.09393287288135,0.0169
3013,"Hathaway Rd 1900 Block",-122.691628,45.723091,118,2,18.793658067796606,0.0169
2983,"NW 99th St & 12th Ave [eb]",-122.683983,45.69278,119,2,21.17558900000001,0.0168
2694,"NE 76th St 10600 Block",-122.564171,45.677727,364,6,45.83840821153843,0.0165
6004,"SW 6th & Taylor",-122.67923,45.517605,2908,48,36.38596198658881,0.0165
3297,"Kauffman & 32nd St",-122.68084,45.64463,304,5,27.010703069078946,0.0164
3306,"Grand & 6th St [sb]",-122.640717,45.625019,244,4,15.366944209016394,0.0164
101,"Parkrose/Sumner Transit Center",-122.564507,45.558762,8888,146,21.838247873424795,0.0164
3170,"NE Multnomah & 3rd [wb]",-122.662933,45.531151,245,4,38.81596312653062,0.0163
3131,"Andresen & Louisiana [nb]",-122.602051,45.61985,309,5,19.97163275404531,0.0162
749,"NW 9th Ave & 94th St [nb]",-122.679482,45.69001,124,2,34.6226261048387,0.0161
3119,"NE 112th Ave & 44th St",-122.557877,45.653759,62,1,38.06468343548388,0.0161
688,"Plomondon & Stapleton [eb]",-122.61763,45.64386,372,6,21.54144018817204,0.0161
5007,"SW 5th & Clay",-122.680496,45.513592,2550,41,28.015192185490136,0.0161
652,"E 18th St & Brandt [eb]",-122.630409,45.634739,817,13,60.02289926315796,0.0159
3703,"NE 139th St at Vancouver Clinic",-122.645844,45.721851,763,12,16.32074481782438,0.0157
2989,"NW 9th Ave 8200 Block",-122.679619,45.681831,65,1,21.16679566153846,0.0154
2846,"Lincoln & 41st St [sb]",-122.682579,45.651821,65,1,24.197376553846155,0.0154
2403,"W Main & 20th Ave",-122.557648,45.780651,65,1,16.461163830769227,0.0154
666,"McLoughlin & F St [wb]",-122.665947,45.634911,779,12,14.148469472400498,0.0154
1114,"Evergreen Blvd & Harney Wy [eb]",-122.629013,45.62376,130,2,16.466673246153846,0.0154
6081,"SE 192nd Ave & 20th St [sb]",-122.476006,45.606407,398,6,20.358318512562814,0.0151
1384,"W 6th St & Washington",-122.672386,45.625652,331,5,23.712616009063446,0.0151
300,"NE 138th Ave & 22nd St",-122.5308,45.638409,1001,15,27.67763896703297,0.0150
798,"Hazel Dell Ave 6000 Block",-122.669098,45.665791,133,2,14.063252030075187,0.0150
836,"W Main St 600 Block [wb]",-122.544487,45.780819,809,12,33.214398615574794,0.0148
986,"St Johns & Minnehaha",-122.636421,45.667389,544,8,21.66013591360293,0.0147
990,"St Johns & 40th Ave",-122.62986,45.675468,68,1,23.980217602941167,0.0147
6088,"SE 34th Street & 176th Avenue",-122.491783,45.596657,204,3,24.414543068627445,0.0147
2172,"Gher Rd & Coxley Dr [nb]",-122.559959,45.66325,1906,28,52.85572638929688,0.0147
3322,"NE 28th St & 135th Ave",-122.533478,45.642872,2059,30,20.052521720252525,0.0146
645,"Grand & 26th St",-122.641838,45.64024,137,2,15.179119445255479,0.0146
2963,"NW 99th St & 20th Ave",-122.691071,45.692902,205,3,16.92806966341462,0.0146
6178,"39th St. & J St. [nb]",-122.326836,45.583206,276,4,25.407033967391293,0.0145
730,"Main & 33rd St [nb]",-122.668518,45.646149,3461,50,14.07560100491191,0.0144
2992,"NE 99th St & 50th Ave [wb]",-122.621033,45.69281,280,4,43.52820840357143,0.0143
2382,"W Main & 5th Ave",-122.542923,45.780689,774,11,15.434462711886313,0.0142
2732,"NE 78th St & 58th Ave",-122.61219,45.678818,352,5,21.173408161931807,0.0142
1145,"Evergreen Blvd & Grand [wb]",-122.639961,45.626099,1059,15,18.21720849291784,0.0142
2672,"Columbia & Fourth Plain",-122.673698,45.640671,71,1,27.136572887323947,0.0141
1607,"VA Medical Center",-122.655548,45.638275,12611,177,34.353463608120144,0.0140
3061,"Fruit Valley Rd & 27th St [nb]",-122.692513,45.64146,1434,20,17.069513155509053,0.0139
2993,"NE 78th St & 26th Ave",-122.643913,45.6786,503,7,17.309691840954265,0.0139
294,"St Johns & 88th St [nb]",-122.624512,45.68668,363,5,24.856062859504114,0.0138
1283,"McGillivray & Park Crest Ave [wb]",-122.517197,45.606232,218,3,20.323358009174317,0.0138
1105,"Evergreen Blvd at Grant House [eb]",-122.659943,45.62785,73,1,27.663791945205478,0.0137
505,"Kauffman & 23rd St",-122.680962,45.638191,73,1,23.034532808219172,0.0137
852,"NE 117th Ave & Padden Parkway [sb]",-122.552689,45.681438,147,2,13.079457823129246,0.0136
607,"E 33rd St & W St [wb]",-122.647423,45.645069,74,1,17.08940386486487,0.0135
3076,"Grace & Rasmussen",-122.526978,45.775974,2681,36,24.699725303245046,0.0134
1094,"Fourth Plain 11300 Block",-122.556808,45.66634,978,13,20.09587591411042,0.0133
543,"Columbia & 33rd St [sb]",-122.673637,45.645161,75,1,21.123499946666662,0.0133
1199,"Mill Plain & Ogden [eb]",-122.617645,45.628624,1279,17,23.59609616497267,0.0133
2930,"Bernie Dr & Lupin St",-122.686646,45.670551,226,3,52.754703415929185,0.0133
1149,"Evergreen Blvd 1400 Block [wb]",-122.655518,45.626778,75,1,30.03538903999999,0.0133
649,"E 18th St & Murton [eb]",-122.638962,45.635292,378,5,52.68376905291006,0.0132
2381,"W Main St & 12th Ave",-122.54953,45.780609,531,7,10.325181126177007,0.0132
1109,"Evergreen Blvd & V St [eb]",-122.648308,45.625809,305,4,17.86072587213115,0.0131
659,"McLoughlin & Grand [wb]",-122.64167,45.632553,536,7,44.50147871828358,0.0131
6068,"Evergreen Blvd & Grant",-122.677933,45.62888,385,5,13.15688524935065,0.0130
799,"Hazel Dell Ave 5200 block [sb]",-122.667442,45.659981,231,3,44.49191037229435,0.0130
1345,"Hwy 99 & 104th St",-122.65451,45.697189,231,3,19.483970004329006,0.0130
2224,"Hwy 99 & 68th St",-122.66349,45.671661,233,3,28.709064519313312,0.0129
6060,"Fourth Plain & Daniels",-122.675148,45.640152,235,3,17.65959791489362,0.0128
4119,"Covington Rd & 102nd Ave",-122.568268,45.672001,78,1,30.98955610256412,0.0128
1197,"Mill Plain & Manzanita Wy [eb]",-122.624771,45.62854,393,5,26.073808402035624,0.0127
3385,"Adams & 5th Ave",-122.406487,45.5858,553,7,53.94459268896923,0.0127
1151,"Evergreen Blvd 800 Block",-122.66423,45.628689,789,10,22.036968569074794,0.0127
1252,"Mill Plain & Z St [wb]",-122.64463,45.628361,1188,15,20.021288873737365,0.0126
4180,"NW 139th St 600 Block",-122.676498,45.721809,80,1,17.344878,0.0125
243,"Evergreen Blvd & Grand [eb]",-122.640213,45.62603,1049,13,19.300332030505242,0.0124
3192,"SW Sam Jackson Pk & OHSU",-122.685471,45.499359,646,8,38.07194739318881,0.0124
1107,"Evergreen Blvd & Reserve St [eb]",-122.65448,45.62606,323,4,15.586196538699697,0.0124
2024,"Washington & 9th St",-122.672768,45.628426,1631,20,42.05652818638871,0.0123
2314,"NE 3rd Ave & E First Ave",-122.392616,45.588829,81,1,14.936305851851856,0.0123
2078,"St Johns 7300 Block",-122.630379,45.675442,82,1,20.003639317073173,0.0122
3024,"Hazel Dell Ave & 94th St [sb]",-122.669327,45.689365,735,9,15.160297672108845,0.0122
6136,"7th Street at Turtle Place",-122.672005,45.626637,19472,235,27.057136728892758,0.0121
890,"NE 99th St & 118th Ave",-122.550797,45.693439,505,6,18.693179289108905,0.0119
1173,"E St 2600 Block",-122.343018,45.579941,337,4,18.931484311572703,0.0119
236,"E 33rd St & Main, nearside [wb]",-122.668175,45.645348,928,11,17.965354567887935,0.0119
2866,"Evergreen Blvd & Shorewood Dr",-122.615646,45.618271,169,2,47.796071792899404,0.0118
1318,"SE 164th Ave & 32nd St",-122.504066,45.598701,1114,13,20.99706660682225,0.0117
6171,"Fourth Plain & Z Street [wb]",-122.643349,45.638229,771,9,15.118541734111544,0.0117
2203,"NE 112th Ave 3300 Block",-122.558128,45.647129,346,4,17.909596736994217,0.0116
6082,"SE 192nd Ave & 31st St [sb]",-122.478294,45.598164,602,7,28.643264466777392,0.0116
2272,"NE 102nd Ave & Fourth Plain",-122.568359,45.662846,694,8,15.52077839769452,0.0115
6130,"SE 136th Ave & Block 1200",-122.532364,45.61314,347,4,37.447521564841516,0.0115
2231,"NE 99th St & 4th Ave",-122.673599,45.69294,87,1,20.57399057471264,0.0115
6087,"SE 34th Street & 172nd Avenue [eb]",-122.497185,45.596634,352,4,22.231982923295448,0.0114
6129,"SE 136th Ave & McGillivray",-122.532387,45.610138,1321,15,51.81902431264189,0.0114
2961,"NW 99th St & 12th Ave [wb]",-122.683197,45.692902,88,1,37.940477454545444,0.0114
1351,"Hwy 99 8000 Block",-122.661949,45.680012,1065,12,24.42246591267603,0.0113
6003,"SW 6th & Salmon",-122.679596,45.516979,1697,19,38.51480672245142,0.0112
2284,"Adams St & 5th Ave",-122.406509,45.585411,623,7,37.7609041861958,0.0112
2695,"NE 76th St 11000 Block",-122.559509,45.677761,178,2,16.111159033707878,0.0112
6024,"Fruit Valley Rd & 37th St [nb]",-122.692192,45.648399,978,11,28.601919653374214,0.0112
2847,"W 39th St & Kauffman [eb]",-122.681427,45.650021,984,11,19.761943178861802,0.0112
2099,"St James & 50th Cir",-122.637779,45.657711,715,8,17.138719127272722,0.0112
801,"Main & 45th St [sb]",-122.666748,45.654221,1908,21,28.53143930241088,0.0110
689,"Stapleton Rd 2800 Block",-122.616859,45.64241,273,3,67.80182600366301,0.0110
2489,"Hwy 99 & 122nd St [sb]",-122.6493,45.70916,92,1,50.37532608695654,0.0109
651,"E 18th St 3600 Block [eb]",-122.632942,45.634781,740,8,23.49726487972976,0.0108
643,"Grand & 32nd St [sb]",-122.641769,45.644032,93,1,19.878982268817204,0.0108
3378,"NE 3rd Ave & Sheperd Rd [wb]",-122.374657,45.588539,280,3,29.000426200000014,0.0107
2348,"Addy St 3300 Block [wb]",-122.334,45.575329,187,2,16.620496171122987,0.0107
560,"Lincoln & 59th St [sb]",-122.68251,45.66534,187,2,30.815236770053502,0.0107
2274,"Fourth Plain 10200 Block",-122.568031,45.661991,2083,22,15.966878222275545,0.0106
2915,"NE 162nd Ave & 9th St",-122.50592,45.628342,853,9,16.994466335287225,0.0106
1310,"SE 164th Ave 900 Block",-122.504494,45.614979,2672,28,33.688343533682634,0.0105
2115,"Mill Plain & Missoula",-122.609619,45.6283,190,2,16.702895299999998,0.0105
1338,"Hwy 99 9100 Block",-122.65892,45.688648,1522,16,14.233075351511182,0.0105
4149,"Hazel Dell Ave 4900 Block [nb]",-122.666878,45.657242,964,10,32.12483405394189,0.0104
598,"NE 18th St & Todd [wb]",-122.632904,45.634838,672,7,22.95131749553574,0.0104
3114,"Bernie Dr & Lupin St [wb]",-122.68618,45.670422,193,2,26.310841424870464,0.0104
6113,"Ward Rd & 152nd Ave",-122.51664,45.679249,481,5,18.11466321621621,0.0104
3090,"NE 39th St & 152nd Ave",-122.515923,45.650269,767,8,18.730877023468025,0.0104
549,"Lincoln & 49th St [nb]",-122.682419,45.65789,193,2,18.259549098445596,0.0104
3492,"Mill Plain & Franklin [eb]",-122.678131,45.632591,2878,30,21.38257180750524,0.0104
504,"Kauffman & 19th St [nb]",-122.681046,45.635246,97,1,28.71123724742269,0.0103
733,"Main & 40th St [nb]",-122.66729,45.65097,1353,14,17.135671763488535,0.0103
1323,"SE 164th Ave & 1st St [sb]",-122.504433,45.620289,1161,12,18.670489950904397,0.0103
793,"Hazel Dell Ave 7400 Block",-122.668747,45.676552,677,7,41.11931020974888,0.0103
2148,"Mill Plain 14900 Block",-122.518059,45.61694,589,6,25.323103631578967,0.0102
3194,"SW Sam Jackson Pk & Campus Dr",-122.684349,45.50034,196,2,27.9649638265306,0.0102
2336,"E Street 2900 Block",-122.33931,45.579227,1587,16,9.950710720226835,0.0101
2082,"St James & Cherry Rd",-122.639923,45.649769,795,8,19.224330823899408,0.0101
2315,"NE 3rd Ave & Crown Rd",-122.38961,45.588718,100,1,16.421296300000005,0.0100
6005,"SW 6th & Washington",-122.677856,45.520241,1703,17,31.521670485026437,0.0100
6052,"12100 N. Pavilion",-122.684669,45.612389,4409,44,24.851175384894507,0.0100
1308,"Mill Plain 14300 Block [eb]",-122.524162,45.617599,1504,15,33.2360394820479,0.0100
3051,"NE 78th St 3300 Block",-122.638298,45.678822,101,1,31.141220207920803,0.0099
1144,"Evergreen Blvd & Grove St",-122.637428,45.62611,606,6,19.964214539603947,0.0099
3304,"Grand & 9th St [sb]",-122.640732,45.627239,1511,15,20.32981165320978,0.0099
538,"Columbia & 31st St [nb]",-122.673531,45.643848,102,1,11.561424509803919,0.0098
3239,"NE 162nd Ave & 18th St [sb]",-122.506248,45.636059,1324,13,21.446105450151087,0.0098
3238,"NE 162nd Ave & 23rd St [sb]",-122.506248,45.639118,410,4,48.82416265609755,0.0098
1087,"Fourth Plain & 121st Ave [eb]",-122.548439,45.668228,821,8,13.810343231425094,0.0097
2316,"NE 3rd Ave 1800 Block",-122.387657,45.58857,104,1,19.824652269230764,0.0096
3107,"NE 138th Ave & 28th St",-122.530609,45.644039,1045,10,18.76806413301434,0.0096
1281,"SE 164th Ave 2100 Block",-122.504135,45.605885,2520,24,17.948193694444477,0.0095
2277,"Fourth Plain & 135th Ave",-122.534653,45.671711,105,1,24.50509212380953,0.0095
102,"Evergreen Park & Ride",-122.531487,45.6343,641,6,34.57178982215286,0.0094
1193,"Mill Plain & Z St [eb]",-122.64418,45.628231,1376,13,19.73840636700582,0.0094
589,"McLoughlin Blvd & Grand [eb]",-122.64138,45.63245,212,2,12.628238292452837,0.0094
1176,"Main St & 24th St",-122.346519,45.578499,318,3,23.34910213836478,0.0094
2997,"NE 78th St 5600 Block",-122.613953,45.67873,320,3,16.724858737499986,0.0094
3487,"NE 152nd Ave & 91st St",-122.516434,45.688671,430,4,24.51264661627907,0.0093
977,"St Johns & 32nd St [nb]",-122.644814,45.6441,1202,11,14.856387127287883,0.0092
903,"NE 76th St & 97th Ave [wb]",-122.573013,45.677792,109,1,26.85383994495413,0.0092
680,"Fourth Plain & Z St",-122.644112,45.638138,220,2,19.672076095454543,0.0091
6061,"Fourth Plain & Washington St [eb]",-122.672501,45.640133,1969,18,21.737413248349434,0.0091
2279,"Fourth Plain 14000 Block",-122.528374,45.67263,111,1,16.389948234234232,0.0090
3070,"SW 20th Ave & 6th St [sb]",-122.558357,45.776974,442,4,35.91645924886879,0.0090
3106,"NE 39th St & 141st Ave",-122.528671,45.650246,449,4,15.85110479732741,0.0089
1139,"Evergreen Blvd 4700 Block [wb]",-122.62336,45.622082,226,2,16.000067296460166,0.0088
4111,"Fourth Plain 12300 Block [wb]",-122.546608,45.668941,227,2,41.5735660969163,0.0088
1141,"Evergreen Blvd 4100 Block",-122.62574,45.622978,114,1,31.888097535087738,0.0088
676,"Fourth Plain & F St [eb]",-122.665863,45.640072,342,3,17.52281887426899,0.0088
1339,"Hwy 99 9400 Block",-122.657837,45.690681,3437,30,19.087751885365154,0.0087
321,"Fourth Plain & St Johns [eb]",-122.653908,45.639145,687,6,38.6676906084425,0.0087
1086,"Fourth Plain & Vancouver Pl",-122.555794,45.666412,344,3,17.326883049418612,0.0087
2673,"Evergreen Blvd 400 Block [wb]",-122.667999,45.628761,1032,9,17.770960051356578,0.0087
679,"Fourth Plain & Ft Vancouver Wy [eb]",-122.647163,45.638378,1514,13,16.49182937186264,0.0086
301,"NE 136th Ave & 9th St [sb]",-122.534767,45.628139,1629,14,27.310271305095092,0.0086
1019,"St Johns & 65th St",-122.636711,45.669621,116,1,18.472097258620682,0.0086
3361,"Mill Plain & Lieser Rd [wb]",-122.58461,45.62328,3780,32,20.070868267989333,0.0085
2662,"E 33rd St & Q St [eb]",-122.654465,45.645016,118,1,34.64029645762712,0.0085
310,"Village Loop & Fernwood [nb]",-122.509132,45.60181,117,1,31.949469991452986,0.0085
2861,"NE 76th St 11100 Block [wb]",-122.559731,45.677818,119,1,16.546923563025203,0.0084
1249,"Mill Plain & Manzanita Wy [wb]",-122.625847,45.628639,357,3,38.49510348179273,0.0084
583,"McLoughlin & Ft Vancouver Wy [eb]",-122.657806,45.632931,479,4,11.217478903966597,0.0084
2161,"Gher Rd & Fourth Plain Blvd [sb]",-122.561256,45.664551,1674,14,22.912418122461155,0.0084
2324,"NE 3rd Ave 3500 Block",-122.368858,45.584148,847,7,12.767091338842974,0.0083
3034,"NE 99th St & 39th Ave [wb]",-122.63134,45.693241,240,2,18.351561074999992,0.0083
2990,"NE 99th St & 50th Ave [eb]",-122.621841,45.692814,360,3,17.24977775833333,0.0083
2149,"Mill Plain 15400 Block",-122.514053,45.616508,1198,10,21.507788181135236,0.0083
664,"McLoughlin & Ft Vancouver Wy [wb]",-122.657562,45.633011,601,5,18.114743129783673,0.0083
1214,"Mill Plain & 89th Ave",-122.580956,45.622581,1942,16,20.56488304119466,0.0082
6097,"NE 117th Ave & 65th Street [nb]",-122.552444,45.670418,608,5,19.693372126644753,0.0082
6050,"Scotton Way & 13th St [eb]",-122.551758,45.769741,1226,10,24.77944122512237,0.0082
820,"NE 117th Ave & Caples Rd [nb]",-122.552002,45.730549,618,5,17.81160619417477,0.0081
3011,"NW 139th St & 11th Ave",-122.683128,45.721798,372,3,14.006654456989251,0.0081
1279,"McGillivray & Briarwood Dr [eb]",-122.513023,45.605148,124,1,28.682076137096786,0.0081
6063,"Grand & McLoughlin [sb]",-122.640892,45.632668,492,4,16.992457142276425,0.0081
1031,"Ft Vancouver Wy & 25th St",-122.647858,45.638931,1761,14,30.726558519591155,0.0080
1089,"Fourth Plain & 127th Ave",-122.541748,45.669922,251,2,15.584660386454177,0.0080
1135,"Andresen & Kansas St",-122.601738,45.627632,1511,12,38.61561810258109,0.0079
2981,"NW 21st Ave & 99th St",-122.69278,45.69339,382,3,22.52226955235601,0.0079
992,"St Johns 8200 Block",-122.625511,45.682163,253,2,15.965303944664035,0.0079
3102,"NE 39th St & 162nd Ave",-122.506851,45.650398,1013,8,20.520354449160916,0.0079
1118,"Andresen & Evergreen Blvd [nb]",-122.603767,45.614769,255,2,20.07099109803922,0.0078
2327,"E St & 9th St",-122.361893,45.581291,129,1,35.21626581395349,0.0078
1064,"NE 28th St at Cascadia Technical Academy",-122.548218,45.642929,1162,9,16.332009015490524,0.0077
1215,"Mill Plain & 92nd Ave [eb]",-122.578018,45.621937,1045,8,21.911609788516806,0.0077
4179,"Tenney Rd at Fred Meyer",-122.664497,45.720169,391,3,9.46926864194373,0.0077
835,"W Main & 3rd Ave [wb]",-122.540077,45.780918,1037,8,15.23313054869815,0.0077
851,"NE 117th Ave & 87th St [sb]",-122.552689,45.685349,262,2,10.664617312977096,0.0076
1132,"Andresen & Fourth Plain [sb]",-122.600861,45.64378,1586,12,29.66754985435056,0.0076
1217,"Mill Plain & 102nd Ave [eb]",-122.567497,45.620899,1840,14,26.68943516956527,0.0076
1080,"NE 18th St 4000 Block",-122.62635,45.6348,670,5,20.83105544925374,0.0075
1108,"Evergreen Blvd & S St",-122.652496,45.625889,265,2,13.491785709433952,0.0075
2688,"Van Mall Dr 7500 Block [wb]",-122.596268,45.657688,666,5,33.92833565615614,0.0075
1026,"St James 4300 Block",-122.637779,45.652851,666,5,13.264070836336332,0.0075
1147,"Evergreen Blvd & V St [wb]",-122.648453,45.625851,271,2,13.727756793357928,0.0074
2962,"NW 99th St & 16th Ave",-122.688499,45.692902,136,1,19.58243730882353,0.0074
1063,"NE 28th St & 124th Ave",-122.545372,45.642933,812,6,14.750532615763516,0.0074
633,"Broadway & 13th St fs [nb]",-122.670456,45.631329,8861,65,16.093246696535353,0.0073
980,"St Johns 4200 Block",-122.636353,45.652538,687,5,24.814436059679785,0.0073
630,"Broadway & 28th St",-122.670219,45.641296,1787,13,44.49337684331285,0.0073
1332,"Hwy 99 7000 Block",-122.66291,45.673401,2064,15,24.919488982073627,0.0073
906,"Covington Rd & 101st Ave [sb]",-122.57106,45.673759,273,2,21.298617989010992,0.0073
6021,"Mill Plain & 18000 Block [wb]",-122.487541,45.615501,548,4,43.039128711678806,0.0073
1611,"Jantzen Beach Main Stop",-122.68116,45.611099,1945,14,20.315085212339365,0.0072
1119,"Andresen & MacArthur Blvd [nb]",-122.602074,45.621117,838,6,38.59886638902151,0.0072
1311,"Mill Plain & Olympia Dr",-122.526917,45.618114,1116,8,27.5664081200717,0.0072
2735,"NE 78th St & 25th Ave",-122.646729,45.67878,552,4,23.127952365942036,0.0072
3285,"Kauffman & Fourth Plain [sb]",-122.681023,45.640617,837,6,21.665925890083617,0.0072
3300,"W 33rd St & Main [eb]",-122.669228,45.645409,415,3,26.85793255421688,0.0072
4123,"NE 102nd Ave & 63rd St [sb]",-122.568649,45.667439,559,4,50.12294001073343,0.0072
1329,"Hwy 99 & Ross St [nb]",-122.664932,45.662369,711,5,22.070385382559774,0.0070
3093,"NE 39th St & 159th Ave",-122.508781,45.65028,572,4,18.79747334440558,0.0070
3187,"3515 SW US Veterans Rd",-122.686493,45.497009,729,5,25.58288924691358,0.0069
3002,"Bliss Rd & 21st Ave",-122.693619,45.7239,148,1,17.548413608108113,0.0068
2677,"Andresen & 40th St",-122.601822,45.651081,1319,9,32.142351335102404,0.0068
4153,"NE 94th St & Hazel Dell Ave",-122.668655,45.689621,1024,7,55.31973266406259,0.0068
1230,"Mill Plain 9900 Block",-122.57106,45.621078,584,4,32.72492787671232,0.0068
3071,"SW 20th Ave & 6th St [nb]",-122.558182,45.776943,442,3,18.28071936877826,0.0068
3373,"E St 1100 Block",-122.359421,45.581379,293,2,17.01224900341297,0.0068
6120,"NE 99th St & Highway 99 [eb]",-122.655609,45.693001,1197,8,16.310858967418575,0.0067
2319,"NE 3rd Ave 2700 Block",-122.378815,45.588413,150,1,36.20703168,0.0067
3702,"NE 139th St at Legacy Hospital",-122.649544,45.721821,1058,7,38.44796511153118,0.0066
682,"Fourth Plain & Norris [eb]",-122.637886,45.63763,304,2,18.100192075657898,0.0066
3026,"Hazel Dell Ave & 84th St",-122.66951,45.683819,1083,7,19.979619975992613,0.0065
6108,"Fourth Plain & 147th Ave",-122.522751,45.67239,920,6,43.40409162282617,0.0065
3033,"NE 78th St & 66th Ave",-122.605453,45.678783,307,2,20.666458039087946,0.0065
318,"NE 136th Ave & 9th St [nb]",-122.534538,45.628654,1848,12,9.493111477813853,0.0065
6092,"SE 192nd Avenue & 20th Street [nb]",-122.475609,45.607555,459,3,42.206904193899796,0.0065
6084,"SE 34th St & Hiddenbrook [wb]",-122.483643,45.596733,312,2,20.688399948717954,0.0064
6049,"Scotton Way & 13th St [wb]",-122.549721,45.76992,1242,8,16.00999982850246,0.0064
1043,"Burton & Bridge Creek Ave",-122.587593,45.639881,1094,7,17.02287543784278,0.0064
3171,"NE Wheeler & Multnomah",-122.665939,45.531364,314,2,24.089543095541394,0.0064
4176,"NW 119th St & 33rd Ave [wb]",-122.705147,45.70726,158,1,19.42037879746835,0.0063
1316,"SE 164th Ave 3200 Block",-122.503677,45.598961,1107,7,23.09243128274618,0.0063
1200,"Mill Plain & Devine [eb]",-122.613251,45.628731,1919,12,45.439139962480446,0.0063
702,"Van Mall Dr & 94th Ave [eb]",-122.576981,45.658108,1788,11,14.708612738814294,0.0062
1314,"SE 164th Ave & McGillivray [nb]",-122.503586,45.603245,1451,9,32.457092864231576,0.0062
2745,"NE 99th St at Gaiser Middle School [wb]",-122.638847,45.693253,650,4,15.553677101538469,0.0062
2125,"NW 6th Ave 400 Block [wb]",-122.413033,45.585072,648,4,14.78916031944446,0.0062
650,"E 18th St 3200 Block",-122.636742,45.634808,645,4,21.494012420155038,0.0062
6055,"Kauffman & 36th St [sb]",-122.680893,45.648205,1322,8,19.66875808093796,0.0061
6069,"Franklin & 13th St",-122.677116,45.631332,495,3,23.27355045050503,0.0061
1077,"NE 18th St & Devine",-122.614349,45.635269,990,6,19.43349056161619,0.0061
3185,"SW US Veterans Rd & Bldg #16",-122.682243,45.496521,657,4,22.266907649923898,0.0061
908,"Covington Rd & 76th St [nb]",-122.575439,45.677158,1144,7,17.67084342832173,0.0061
2661,"E 33rd St & O St [eb]",-122.656036,45.645039,168,1,24.453149380952386,0.0060
3234,"NE 162nd Ave & 23rd St [nb]",-122.505997,45.639851,500,3,30.814456856000028,0.0060
963,"NW 6th Ave & Ivy [wb]",-122.420769,45.583549,664,4,16.452407234939763,0.0060
2334,"E St & 24th  St",-122.347023,45.580463,499,3,59.01825854909822,0.0060
2156,"SE 164th Ave & 12th St",-122.504372,45.611679,2683,16,19.331097446515074,0.0060
1098,"NE 76th St 13300 Block",-122.535561,45.677551,335,2,16.210870417910467,0.0060
2648,"Ft Vancouver Wy & Mill Plain [nb]",-122.661987,45.630154,665,4,18.31016226165413,0.0060
6154,"Broadway & 12th St fs",-122.670433,45.630543,7616,45,14.138370170955882,0.0059
1076,"NE 18th St & 65th Ave [wb]",-122.605598,45.63649,1179,7,9.93224482612383,0.0059
3072,"SW 20th Ave & 2nd St",-122.55838,45.779716,1196,7,16.12124656688965,0.0059
935,"NE 112th Ave & 51st St [nb]",-122.557838,45.658157,2251,13,20.670285033318557,0.0058
1092,"Fourth Plain & 140th Ave",-122.527397,45.672428,347,2,19.47507656772334,0.0058
2687,"Van Mall Dr & Thurston Wy",-122.590729,45.65831,1217,7,16.737505817584207,0.0058
2705,"Hazel Dell Ave at Target",-122.669189,45.686642,514,3,25.311403379377417,0.0058
1103,"Fourth Plain & 105th Ave",-122.564934,45.66362,1027,6,17.885741260954262,0.0058
3005,"NW 139th St & 10th Ct",-122.680023,45.721642,174,1,18.7423548275862,0.0057
1242,"Mill Plain & Morrison Ave",-122.595718,45.62558,1220,7,23.188254711475444,0.0057
818,"NE 117th Ave 11600 Block [nb]",-122.55262,45.70599,1414,8,35.09333750777937,0.0057
3175,"NE Multnomah & 9th [wb]",-122.657158,45.531559,175,1,19.802343760000007,0.0057
2982,"NW 99th St & 18th Ave",-122.690353,45.692791,174,1,16.667422672413785,0.0057
3343,"NE 99th St & 122nd Ave",-122.547287,45.693501,177,1,19.176848259887002,0.0056
1082,"Fourth Plain 10400 Block",-122.565742,45.663059,896,5,16.77814411830356,0.0056
1349,"Hwy 99 & 86th St",-122.661041,45.684738,2157,12,18.871127269819233,0.0056
4145,"Hwy 99 & 129th St [nb]",-122.65136,45.714962,1240,7,21.79519647177418,0.0056
1203,"Mill Plain & Andresen [eb]",-122.600121,45.626423,3186,18,23.467337400816046,0.0056
3235,"NE 162nd Ave & 28th St [nb]",-122.505981,45.643341,714,4,17.76042895938376,0.0056
2333,"E St 2200 Block",-122.349373,45.580887,177,1,13.04573255367231,0.0056
2411,"NW 119th St & 31st Ave",-122.702766,45.707291,179,1,19.552631379888265,0.0056
1091,"Fourth Plain & 137th Ave [eb]",-122.531242,45.672421,531,3,14.914688303201498,0.0056
2350,"Main St 3000 Block",-122.33873,45.577641,1240,7,24.777654737903198,0.0056
2225,"Hwy 99 6300 Block",-122.664078,45.668621,1261,7,36.93535724583665,0.0056
1047,"Burton 7700 Block [eb]",-122.593452,45.640301,723,4,16.32191287828491,0.0055
665,"McLoughlin at Marshall Center",-122.660179,45.633831,1083,6,11.356881920590975,0.0055
937,"NE 112th Ave & 46th St [sb]",-122.558083,45.654121,368,2,14.260350320652169,0.0054
2323,"NE 3rd Ave at LaCamas Center",-122.370239,45.585369,921,5,17.471550935939163,0.0054
6039,"Rasmussen & Clark Ave",-122.52977,45.77541,560,3,16.950468516071414,0.0054
3465,"NW 9th Ave & 87th St [nb]",-122.679581,45.685619,185,1,33.680768616216234,0.0054
2911,"Mill Plain & 190th Ave [eb]",-122.47908,45.616669,1655,9,21.829771352265798,0.0054
6080,"SE 192nd Ave & 15th Street [sb]",-122.476013,45.609482,370,2,21.567837678378385,0.0054
2957,"Andresen & 70th St [nb]",-122.603127,45.673389,185,1,24.724684675675668,0.0054
3254,"Hwy 99 & NE 104th St",-122.654587,45.696602,370,2,25.00103450270269,0.0054
2237,"NE 28th St & 138th Ave",-122.532013,45.642994,2404,13,15.602673311980094,0.0054
612,"E 33rd St & L St [wb]",-122.659943,45.645081,188,1,22.04310168617021,0.0053
1044,"Burton & 92nd Ave [eb]",-122.577957,45.639599,377,2,34.67218723872678,0.0053
2114,"Mill Plain & Garrison Rd [eb]",-122.591087,45.624344,3041,16,19.228798716211802,0.0053
2242,"NE 25th St & Andresen",-122.599419,45.640709,1322,7,24.47773066490165,0.0053
2703,"Hazel Dell Ave 8500 Block",-122.669319,45.683914,751,4,24.130705523302264,0.0053
644,"Grand & 29th St [sb]",-122.641708,45.642242,190,1,29.708235942105247,0.0053
973,"Ft Vancouver Wy at Gaiser Hall [nb]",-122.651939,45.636662,1717,9,15.560600278392556,0.0052
2883,"Fourth Plain & 121st Ave [wb]",-122.549622,45.66811,772,4,28.67870524481866,0.0052
3172,"NE Multnomah & 3rd [eb]",-122.662819,45.531017,192,1,29.851568552083332,0.0052
1030,"Ft Vancouver Wy & St Johns",-122.647797,45.64114,763,4,17.66875855176936,0.0052
1342,"Hwy 99 10600 Block",-122.653641,45.69833,388,2,27.127628685567025,0.0052
4110,"Fourth Plain & 131st Ave [wb]",-122.538307,45.670979,381,2,28.78885253280839,0.0052
2994,"NE 78th St & 30th Ave",-122.639778,45.678669,383,2,17.70713682767625,0.0052
3374,"E St & 9th St",-122.362244,45.581451,192,1,17.508231093750002,0.0052
6058,"Fourth Plain & Esther",-122.675468,45.640263,191,1,17.761478277486916,0.0052
1122,"Andresen at LH Church",-122.600616,45.64135,767,4,16.95461216688396,0.0052
3485,"SE 164th Ave & 6th St [sb]",-122.504494,45.61742,1167,6,23.173590359040265,0.0051
2104,"Ft Vancouver Wy at O'Connell Sports Center [sb]",-122.65583,45.634762,985,5,14.352119125888322,0.0051
783,"NW 9th Ave & 99th St",-122.679543,45.692169,396,2,16.644451888888888,0.0051
2702,"Hazel Dell Ave & 82nd St [nb]",-122.669136,45.681221,1365,7,27.194144786813236,0.0051
901,"NE 76th St & 101st Ave [wb]",-122.569794,45.677792,196,1,16.001874484693875,0.0051
1229,"Mill Plain & 104th Ave",-122.563873,45.621025,4933,25,43.25702881289293,0.0051
2070,"Andresen & Mill Plain [nb]",-122.601593,45.626499,1365,7,21.97213181758239,0.0051
2988,"NE 78th St & 13th Ave",-122.658737,45.678509,988,5,16.147388642712553,0.0051
535,"Columbia St & 24th St [nb]",-122.673592,45.639118,195,1,25.598867333333335,0.0051
293,"Burton & 98th Ave [eb]",-122.571655,45.640198,1001,5,28.61739588711289,0.0050
551,"Lincoln & 53rd St [nb]",-122.682426,45.661308,397,2,26.905473088161212,0.0050
3293,"Kauffman & Mill Plain",-122.68103,45.632462,995,5,29.85508874673362,0.0050
4183,"Lincoln & 53rd St [sb]",-122.682549,45.66095,399,2,21.50809858646617,0.0050
2947,"Andresen & 70th St [sb]",-122.603371,45.673351,199,1,14.751181075376879,0.0050
6011,"W Main St & 15th Ave [wb]",-122.553398,45.780796,398,2,22.401500982412067,0.0050
2946,"Andresen & 78th St",-122.602341,45.67852,603,3,14.234180533996696,0.0050
804,"Main & 36th St [sb]",-122.668221,45.647877,2801,14,21.110764036772593,0.0050
1088,"Fourth Plain & 123rd Ave",-122.54599,45.668869,200,1,17.655387490000006,0.0050
2270,"NE 76th St & 120th Ave",-122.550308,45.677807,606,3,31.28443406930693,0.0050
1612,"N Hayden Isl Dr & N Tomahawk Isl Dr",-122.677292,45.61137,1020,5,21.29766331470585,0.0049
1097,"NE 76th St & 137th Ave",-122.53228,45.677521,612,3,19.50992733986928,0.0049
1205,"Mill Plain & Morrison Wy",-122.595055,45.625259,1851,9,37.42984148892487,0.0049
3283,"Kauffman 3100 Block",-122.680969,45.644379,1025,5,18.063980282926842,0.0049
575,"Columbia & 24th St [sb]",-122.673706,45.638924,206,1,16.962218145631063,0.0049
3376,"NE 3rd Ave & Weir",-122.369057,45.584572,1231,6,16.410553757920425,0.0049
3352,"NE 152nd Ave & 80th St",-122.516411,45.680771,203,1,22.920256660098516,0.0049
1090,"Fourth Plain & 131st Ave [eb]",-122.537666,45.670921,412,2,23.157676082524286,0.0049
326,"NE 138th Ave & 18th St [nb]",-122.530945,45.634018,1040,5,14.822359501923064,0.0048
1024,"St James 4600 Block",-122.637321,45.655151,1469,7,14.53492147038803,0.0048
2045,"Mill Plain & 102nd Ave [wb]",-122.567596,45.62101,1457,7,45.19097342072752,0.0048
1194,"Mill Plain & Grand [eb]",-122.640022,45.628265,4410,21,50.424071791836866,0.0048
1070,"Burton & 92nd Ave [wb]",-122.577827,45.639664,420,2,29.319928192857137,0.0048
329,"NE 138th Ave & 22nd St",-122.530563,45.639088,1471,7,14.821599550645832,0.0048
812,"NE 117th Ave & Padden Parkway [nb]",-122.552399,45.68322,209,1,13.98842724401914,0.0048
6013,"Jantzen Beach Main Stop",-122.68116,45.611099,4771,23,12.727427297002764,0.0048
609,"E 33rd St & S St [wb]",-122.651291,45.645054,418,2,39.90701935167464,0.0048
2241,"Burton & 83rd Ave",-122.589218,45.640148,415,2,17.27289999759036,0.0048
5006,"SW 5th & Columbia",-122.680115,45.514294,1655,8,22.364038780664657,0.0048
3015,"NW 36th Ave & 131st St",-122.70813,45.71542,211,1,15.927669104265402,0.0047
6001,"SW 6th & Market",-122.681808,45.512943,2134,10,49.448907288191194,0.0047
2919,"Mill Plain & 172nd Ave [eb]",-122.494667,45.616859,1284,6,16.806078063862937,0.0047
740,"Hazel Dell Ave & 76th St [nb]",-122.66864,45.676849,849,4,17.992206583038854,0.0047
805,"Main St 3400 Block [sb]",-122.668709,45.646091,4237,20,24.37605114019346,0.0047
978,"St Johns & Petticoat Ln",-122.640297,45.648479,430,2,23.845214372093032,0.0047
6057,"Fourth Plain & Washington [wb]",-122.672607,45.640251,1942,9,18.876310642636483,0.0046
617,"Main St & 30th St",-122.670135,45.642941,1076,5,14.63497930297398,0.0046
2865,"Van Mall Dr & 77th Ave",-122.593872,45.657711,433,2,14.879655685912253,0.0046
3276,"Grand 700 Block",-122.640549,45.626629,443,2,14.94445540180587,0.0045
803,"Main & 39th St",-122.667824,45.64941,1984,9,14.583589976310485,0.0045
3372,"E St & 15th St",-122.355858,45.581249,668,3,14.005267893712565,0.0045
1305,"Ft Vancouver Wy 1200 Block",-122.66246,45.63007,1119,5,18.88625457551389,0.0045
1168,"NE 3rd Ave & Joy St [eb]",-122.397652,45.58823,220,1,16.39706323636364,0.0045
322,"Ward Rd & 76th St",-122.518837,45.67701,223,1,13.29305070403587,0.0045
2053,"Andresen & Mill Plain [sb]",-122.60186,45.625919,2221,10,15.841096345790193,0.0045
6110,"NE 162nd Ave & Fourth Plain",-122.505859,45.672722,882,4,22.772324511337885,0.0045
3092,"NE 39th St & 157th Ave",-122.512009,45.650219,668,3,35.50885726796408,0.0045
6174,"NE Ward Rd. & NE 162nd Ave.",-122.507118,45.684544,1367,6,17.266881926115552,0.0044
1015,"St Johns & 78th St [sb]",-122.625809,45.67815,1359,6,20.275918058866832,0.0044
2680,"Van Mall Dr & Loowit Loop",-122.591278,45.658146,1129,5,17.555425021257754,0.0044
3060,"Andresen & 18th St [sb]",-122.600258,45.637016,457,2,29.395921363238493,0.0044
4109,"Fourth Plain & 137th Ave [wb]",-122.532707,45.672352,452,2,17.813154535398237,0.0044
3221,"NE 117th Ave & 87th St [nb]",-122.552399,45.685329,457,2,22.4087708555799,0.0044
1178,"C St & Pendleton",-122.354111,45.5793,1127,5,21.099817951197885,0.0044
2367,"Mill Plain & Hearthwood [eb]",-122.522079,45.617378,2304,10,17.278837373697925,0.0043
2927,"NW 78th St & 10th Ave [eb]",-122.680801,45.6786,232,1,20.409945051724137,0.0043
6064,"Grand & 20th Street",-122.641777,45.636311,1638,7,14.373936789987795,0.0043
1102,"Fourth Plain 10700 Block [wb]",-122.562759,45.664459,2348,10,16.144458659710374,0.0043
311,"Village Loop & McGillivray [nb]",-122.508415,45.603504,1153,5,13.771716223764093,0.0043
2117,"Mill Plain & Ogden Ave [wb]",-122.619179,45.628735,928,4,28.69272241056034,0.0043
782,"NE 9th Ave & 101st St",-122.66304,45.695358,236,1,27.84431303813561,0.0042
2709,"Lakeshore Dr & Bernie",-122.690804,45.673531,240,1,57.470982562500005,0.0042
1085,"Fourth Plain & 112th Ave [eb]",-122.558327,45.665798,479,2,19.518982292275563,0.0042
3316,"NE 28th St & 114th Ave [eb]",-122.556503,45.642696,3620,15,11.890578490331478,0.0041
2278,"Fourth Plain & 103rd Ave",-122.5672,45.662579,1450,6,16.523051744827587,0.0041
211,"W Main St & 20th Ave [eb]",-122.557617,45.780529,1220,5,19.205042318852463,0.0041
4108,"Ward Rd & Fourth Plain",-122.521156,45.67305,490,2,30.011034802040832,0.0041
981,"St Johns & 45th St",-122.635941,45.6549,1209,5,24.94456292307691,0.0041
3006,"NW 139th St & 2nd Ave [eb]",-122.671623,45.721699,241,1,17.44101582987551,0.0041
1254,"Mill Plain & V St [wb]",-122.648148,45.628326,1265,5,27.241419404743077,0.0040
2108,"Mill Plain & 126th Ave [eb]",-122.541603,45.619469,2228,9,29.54591272217233,0.0040
2106,"Mill Plain & 98th Ave",-122.57209,45.62096,1980,8,32.4916258106061,0.0040
1202,"Mill Plain 6600 Block",-122.604179,45.627209,4224,17,22.743704663589007,0.0040
1225,"Mill Plain & 131st Ave [wb]",-122.538597,45.61937,2725,11,29.861730685871528,0.0040
6123,"NE 20th Ave & 144th St",-122.651474,45.725224,1511,6,16.77981105691593,0.0040
2942,"Andresen & Van Mall Dr [nb]",-122.60199,45.65797,247,1,34.07324199595139,0.0040
3178,"NE 13th Ave & Holladay",-122.652603,45.530281,249,1,26.981827052208843,0.0040
588,"McLoughlin & Z St [eb]",-122.644081,45.632439,257,1,19.075466474708154,0.0039
2951,"Van Mall Dr & 72nd Ave [eb]",-122.599731,45.657619,2812,11,21.45616751635852,0.0039
1375,"W Main & 13th Ave [wb]",-122.551392,45.7808,513,2,23.700652103313853,0.0039
3029,"NE 78th St & Andresen",-122.603241,45.678909,761,3,26.4130557910644,0.0039
2056,"Evergreen Blvd 3400 Block",-122.634048,45.625191,257,1,26.201798863813234,0.0039
849,"NE 117th Ave & 99th St [sb]",-122.552948,45.6931,1030,4,17.01622338446602,0.0039
6161,"Grand Boulevard [eb]",-122.641403,45.637901,9815,38,58.827133246662854,0.0039
3307,"NE 112th Ave & 28th St [nb]",-122.5578,45.643333,1273,5,20.40813618931653,0.0039
829,"E Main St & Parkway [eb]",-122.536751,45.780819,769,3,20.291046016905057,0.0039
1350,"Hwy 99 & 82nd St",-122.661568,45.68211,771,3,18.976787911802866,0.0039
627,"Broadway & 22nd St",-122.670326,45.637535,2919,11,29.29126380267216,0.0038
6177,"NE 114th Ave. & Fourth Plain [nb]",-122.556435,45.667015,526,2,33.32806497908746,0.0038
1222,"Mill Plain & 123rd Ave",-122.545937,45.619942,1839,7,28.889181553017906,0.0038
725,"Fourth Plain & T St [wb]",-122.6511,45.638802,787,3,19.079881278271934,0.0038
1347,"Hwy 99 at WINCO",-122.657692,45.691399,3933,15,16.562461948639722,0.0038
6111,"NE 162nd Ave & 73rd St",-122.505692,45.676029,787,3,26.05093011054636,0.0038
1038,"E 18th St 4600 Block [eb]",-122.621147,45.634777,1040,4,21.524217389423118,0.0038
2179,"NE 112th Ave & 49th St",-122.558121,45.65691,1842,7,17.215014743213878,0.0038
675,"Fourth Plain & D St",-122.668167,45.640129,265,1,27.020140607547173,0.0038
3486,"NE 152nd Ave & 94th St",-122.516533,45.690769,264,1,19.100996848484844,0.0038
3498,"Hazel Dell Ave & 82nd St [sb]",-122.669403,45.681568,1367,5,17.639800047549357,0.0037
3320,"NE 28th St & 129th Ave",-122.539726,45.64286,1602,6,15.375492325842728,0.0037
1196,"Mill Plain & Rhododendron",-122.628555,45.62801,1912,7,25.755945113493734,0.0037
1343,"Hwy 99 & 112th St",-122.652046,45.701641,272,1,13.297144525735288,0.0037
1171,"E St 1700 Block",-122.352348,45.581017,1074,4,34.986327963687124,0.0037
6062,"Grand Blvd & 20th St",-122.641914,45.636242,1879,7,19.993983047365607,0.0037
661,"McLoughlin & W St [wb]",-122.646988,45.632359,1074,4,25.877832365921808,0.0037
2974,"NW 119th St & 31st Ave",-122.70269,45.707142,269,1,23.31301872862454,0.0037
2138,"Mill Plain & 155th Ave",-122.515572,45.616886,1334,5,22.293420385307364,0.0037
3104,"NE 39th St & 155th Ave",-122.512268,45.650398,811,3,26.124218922318146,0.0037
1353,"Hwy 99 & 72nd St",-122.663101,45.673779,2149,8,31.056330847370894,0.0037
2353,"Main & 22nd St",-122.349007,45.578541,548,2,18.731070386861308,0.0036
3314,"Burton & 103rd Ave [eb]",-122.566696,45.641247,1104,4,19.372825397644938,0.0036
968,"NW 6th Ave & Ivy [eb]",-122.420609,45.583382,561,2,58.51148726559711,0.0036
2116,"Mill Plain & Devine [wb]",-122.613907,45.62883,2214,8,26.91573335772366,0.0036
2676,"Andresen & Van Mall Dr [sb]",-122.602203,45.657017,822,3,60.86117705109486,0.0036
2828,"St Johns & NE 50th Ave",-122.620598,45.689671,277,1,12.845238176895304,0.0036
3001,"NW 36th Ave & 129th St",-122.707977,45.715031,277,1,19.031393317689528,0.0036
814,"NE 117th Ave & 95th St [nb]",-122.552612,45.690849,1689,6,21.001980616341065,0.0036
1227,"Mill Plain & 120th Ave",-122.550018,45.620613,5334,19,16.055356808961434,0.0036
1312,"Mill Plain 16000 Block",-122.506706,45.615608,4293,15,18.757903776846128,0.0035
6175,"NE 162nd Ave. & NE 78th St.",-122.505753,45.679657,577,2,25.854947816291173,0.0035
2069,"Andresen & Wichita Dr [nb]",-122.601563,45.62429,286,1,16.842611377622383,0.0035
3148,"Mill Plain & 126th Ave [wb]",-122.543777,45.619934,2565,9,22.735757385185153,0.0035
6128,"McGillivray & Blairmont Dr",-122.522026,45.607861,1140,4,19.938728167543854,0.0035
787,"NW 9th Ave & 85th St",-122.679688,45.68409,286,1,16.65645094405595,0.0035
6114,"Fourth Plain & 143rd Ave",-122.525642,45.672585,294,1,15.346648387755101,0.0034
2928,"SE 164th Ave & 1st St [nb]",-122.504173,45.621841,1169,4,24.587159600513267,0.0034
3494,"NE 39th St & 149th Ave",-122.519791,45.650253,585,2,22.31860011794873,0.0034
3351,"NE 152nd Ave & 86th St",-122.516457,45.685101,877,3,17.62973654846067,0.0034
2967,"NW 21st Ave & 111th St",-122.692703,45.701618,290,1,46.000844641379295,0.0034
3345,"NE 99th St & 130th Ave",-122.53936,45.693531,1177,4,22.817708857264236,0.0034
1028,"St Johns & 32nd St [sb]",-122.645149,45.643879,1164,4,18.668449671821325,0.0034
6093,"SE 192nd Avenue & 15th Street [nb]",-122.475761,45.610802,292,1,18.94041504452055,0.0034
3325,"Andresen 4200 Block",-122.602188,45.651909,1481,5,23.97472630452399,0.0034
3317,"NE 28th St & 119th Ave [eb]",-122.550552,45.642712,1818,6,19.79017667546757,0.0033
3319,"NE 28th St 12400 Block",-122.544952,45.64283,1206,4,17.04019633913764,0.0033
1282,"McGillivray & Briarwood Dr [wb]",-122.513817,45.605419,304,1,22.885789601973688,0.0033
904,"Covington Rd & 76th St [sb]",-122.575928,45.677429,1207,4,16.77650624275062,0.0033
1033,"Ft Vancouver Wy & McLoughlin [sb]",-122.658913,45.63279,922,3,24.674236736442513,0.0033
2743,"NE 99th St & 25th Ave",-122.645912,45.693039,599,2,18.844578632721177,0.0033
1032,"Ft Vancouver Wy 1900 Block",-122.651711,45.63694,1840,6,15.290246273369554,0.0033
3188,"3505 SW US Veterans Rd",-122.688156,45.497356,306,1,23.551816294117643,0.0033
2692,"NE 76th St & 115th Ave",-122.554451,45.677879,1235,4,27.28831597246965,0.0032
1137,"Andresen & Missouri Dr",-122.602303,45.621475,626,2,15.37762990415338,0.0032
1245,"Mill Plain 6500 Block",-122.605026,45.627567,1564,5,10.76753908823531,0.0032
1022,"St James & 54th St",-122.638199,45.660969,929,3,24.800557982777164,0.0032
2058,"Evergreen Blvd & E Reserve St [wb]",-122.653458,45.62595,629,2,30.978275055643866,0.0032
731,"Main & 38th St",-122.6679,45.648548,4229,13,25.70944567108062,0.0031
330,"NE 138th Ave & 28th St",-122.530807,45.64175,1591,5,18.18039520741672,0.0031
4184,"Lincoln & 49th St [sb]",-122.682564,45.658081,327,1,35.647750422018376,0.0031
3273,"Grand & 1st St [nb]",-122.643349,45.621078,643,2,18.349412867807143,0.0031
3356,"Mill Plain & Lieser Rd [eb]",-122.584694,45.623173,3814,12,22.689617623492445,0.0031
2130,"SE 164th Ave 1400 Block",-122.50396,45.611481,2967,9,21.375524083249083,0.0030
905,"Covington Rd & 73rd St",-122.573242,45.675362,656,2,12.264637839939013,0.0030
648,"E 20th St & Grand [eb]",-122.640984,45.635799,1653,5,8.498535598911074,0.0030
2944,"Andresen & 63rd St [nb]",-122.602142,45.668468,659,2,29.27038774203341,0.0030
982,"St Johns & 49th St",-122.635948,45.657219,1347,4,31.515259589458037,0.0030
317,"NE 136th Ave & 4th St [nb]",-122.5345,45.623539,1319,4,8.397292223654281,0.0030
933,"NE 112th Ave & 39th St [nb]",-122.558029,45.650822,1353,4,44.29386303695496,0.0030
2322,"NE 3rd Ave 3100 Block",-122.371643,45.586632,330,1,14.227900830303028,0.0030
1083,"Fourth Plain 10700 Block [eb]",-122.563538,45.663979,1665,5,11.790982859459486,0.0030
1037,"E 18th St & Bryant [eb]",-122.626312,45.634747,669,2,18.973773225710023,0.0030
2054,"Andresen & Louisiana Dr [sb]",-122.60231,45.61948,344,1,18.028326933139557,0.0029
2268,"NE 76th St & 124th Ave",-122.545982,45.677681,344,1,17.572788627906974,0.0029
2943,"Andresen & 58th St [nb]",-122.602074,45.664589,694,2,25.76439998270894,0.0029
1320,"Mill Plain & 164th Ave [wb]",-122.505142,45.615749,5089,15,28.13317070740808,0.0029
6131,"SE 136th Ave & 7th St",-122.532387,45.617085,2382,7,20.356900951721233,0.0029
1355,"Hwy 99 & 63rd St [sb]",-122.664322,45.667198,2077,6,21.284461519980727,0.0029
1136,"Andresen & Wichita Dr [sb]",-122.60183,45.623779,343,1,17.046808069970844,0.0029
227,"McLoughlin at Clark College [eb]",-122.652084,45.632221,1752,5,44.80870791324211,0.0029
936,"NE 112th Ave & 51st St [sb]",-122.558121,45.658371,1711,5,17.39365057568674,0.0029
2273,"Fourth Plain & 102nd Ave",-122.569077,45.66164,1807,5,18.793437282789153,0.0028
1146,"Evergreen Blvd 2500 Block",-122.645218,45.625938,705,2,23.15441018439718,0.0028
581,"McLoughlin & F St [eb]",-122.666084,45.634876,363,1,32.32875285399451,0.0028
1324,"Mill Plain 15800 Block",-122.509079,45.616112,2868,8,16.279547808926086,0.0028
3205,"NE 137th Ave & 39th St [sb]",-122.531929,45.649658,1059,3,22.10924709254013,0.0028
1306,"NE 136th Ave & Mill Plain",-122.532585,45.619785,1808,5,13.13297827488937,0.0028
6098,"NE 117th Ave & 71st Street [nb]",-122.552475,45.674896,743,2,9.79206025975774,0.0027
2057,"Evergreen Blvd & U St [wb]",-122.650093,45.625854,369,1,31.0752447777778,0.0027
1014,"St Johns & 82nd St",-122.625717,45.682049,375,1,14.16751572,0.0027
6065,"Grand Blvd & 16th St",-122.64093,45.633064,372,1,19.687284215053758,0.0027
3105,"NE 39th St & 145th Ave",-122.524353,45.65028,376,1,29.43971832978724,0.0027
846,"NE 117th Ave 11500 Block [sb]",-122.552948,45.705601,1472,4,16.612821083559776,0.0027
1060,"NE 28th St 13400 Block",-122.534683,45.642979,1878,5,13.295247777422784,0.0027
1256,"Mill Plain & Reserve [wb]",-122.653069,45.62854,2579,7,41.12802907367194,0.0027
2734,"NE 78th St 2800 Block",-122.641701,45.678829,378,1,28.86207103703702,0.0026
1244,"Mill Plain & Andresen [wb]",-122.602364,45.627048,5303,14,30.159685969262814,0.0026
6173,"NE 99th St & 32nd Ave [eb]",-122.637794,45.693161,756,2,20.114405572751316,0.0026
1096,"NE 76th St & 147th Ave",-122.522636,45.67746,392,1,14.42125204846939,0.0026
3346,"NE 99th St & 134th Ave",-122.533997,45.693569,757,2,23.930044570673708,0.0026
3232,"NE 162nd Ave & 34th St [sb]",-122.506218,45.646191,390,1,18.457069597435893,0.0026
2948,"Andresen & 63rd St [sb]",-122.602341,45.667461,784,2,16.84151260586735,0.0026
796,"Hazel Dell Ave & 68th St [sb]",-122.667976,45.67112,774,2,49.977295616279065,0.0026
6125,"SE 136th Ave & 1200 Block [sb]",-122.532623,45.612907,402,1,16.30307759452736,0.0025
6149,"Gaiser Hall [sb]",-122.651466,45.637032,9664,24,16.88893429801332,0.0025
3422,"NE 76th St & 142nd Ave",-122.5271,45.67754,397,1,14.542824821158682,0.0025
6056,"Kauffman & 36th Street [nb]",-122.680763,45.648106,401,1,24.360331698254353,0.0025
827,"W Main St 800 Block [eb]",-122.545967,45.780651,796,2,9.652747902010049,0.0025
6079,"SE 192nd Ave & Mill Plain",-122.476173,45.616192,1196,3,16.624941785953162,0.0025
601,"E 20th St & Grand [wb]",-122.640991,45.635876,1606,4,12.269915683686163,0.0025
2063,"Evergreen Blvd & U St [eb]",-122.650047,45.625851,397,1,19.565220687657423,0.0025
303,"NE 136th Ave 200 Block  [sb]",-122.534256,45.621178,1225,3,14.187170036734704,0.0024
6007,"NE 11th Ave & Holladay",-122.654518,45.529934,412,1,17.6914279975728,0.0024
2689,"Van Mall Dr & 72nd Ave",-122.59906,45.657738,2492,6,29.383092290128364,0.0024
1190,"Mill Plain & Reserve [eb]",-122.652992,45.62838,2539,6,19.13936845411582,0.0024
2139,"Mill Plain & Hearthwood [wb]",-122.52327,45.61771,3292,8,24.824277778554066,0.0024
302,"NE 136th Ave & 4th St [sb]",-122.534729,45.623489,851,2,20.27866375323147,0.0024
1068,"Burton & 98th Ave [wb]",-122.572472,45.640121,840,2,23.312938444047624,0.0024
1234,"Mill Plain & 90th Ave",-122.580887,45.622673,2080,5,38.95308733076923,0.0024
1356,"Hwy 99 & Ross St [sb]",-122.665245,45.662277,437,1,16.666556164759736,0.0023
606,"E 33rd St & Y St [wb]",-122.644722,45.645031,442,1,34.87432156108597,0.0023
3344,"NE 99th St & 126th Ave",-122.543358,45.693508,1331,3,14.98813433583772,0.0023
1233,"Mill Plain & 92nd Ave [wb]",-122.578911,45.622311,1283,3,24.399948385035064,0.0023
2991,"NE 78th St & 16th Ave",-122.656021,45.678535,441,1,24.49980771428572,0.0023
4162,"St Johns & 68th St [nb]",-122.636482,45.6716,1778,4,17.102912580989894,0.0022
6126,"McGillivray & 136th Ave",-122.53186,45.609612,1373,3,17.413550463947566,0.0022
2013,"Broadway & 19th St [sb]",-122.670502,45.635342,3163,7,15.440464497628836,0.0022
3236,"NE 162nd Ave & 34th St [nb]",-122.505959,45.647327,459,1,41.93271933769066,0.0022
1218,"Mill Plain & 105th Ave",-122.563866,45.620911,4600,10,19.392959811956477,0.0022
6146,"Todd Road [wb]",-122.633224,45.637535,9814,22,56.60975999765657,0.0022
1352,"Hwy 99 at Fred Meyer",-122.662735,45.676041,3855,8,16.507654061737977,0.0021
831,"E Main & SE Clark Ave [eb]",-122.529968,45.78093,935,2,16.670547979679124,0.0021
2909,"SE 164th Ave at Fred Meyer [nb]",-122.503784,45.605618,3297,7,25.459626066424065,0.0021
2737,"NE 78th St 1600 Block",-122.655937,45.67868,480,1,22.690506993749995,0.0021
1121,"Andresen at WINCO [nb]",-122.600052,45.639244,4247,9,13.222067488815629,0.0021
1224,"Mill Plain & 131st Ave [eb]",-122.536728,45.618938,3336,7,17.01356027877704,0.0021
635,"Evergreen Blvd & Broadway",-122.670334,45.628811,7649,16,22.14202302915409,0.0021
587,"McLoughlin & W St [eb]",-122.647026,45.632347,960,2,26.184640426041668,0.0021
3203,"NE 137th Ave & 39th St [nb]",-122.531693,45.649712,1000,2,26.697074421000046,0.0020
1133,"Andresen Rd 2700 Block",-122.600899,45.641842,1000,2,14.709419802000024,0.0020
324,"NE 136th Ave at Firstenburg Center",-122.534889,45.62537,1483,3,35.13615920971008,0.0020
907,"Covington Rd & 100th Ave [nb]",-122.570892,45.673851,503,1,16.822279677932396,0.0020
1079,"NE 18th St & General Anderson [wb]",-122.621078,45.634804,988,2,24.96042331275304,0.0020
638,"W 8th Street & Main [eb]",-122.672012,45.627178,4006,8,22.41281846854717,0.0020
3230,"NE 39th St & Rancho Dr",-122.52002,45.650379,529,1,30.46285271455576,0.0019
2932,"Mill Plain & 188th Ave",-122.481972,45.615795,537,1,20.129893104283052,0.0019
2920,"Mill Plain & 190th Ave [wb]",-122.478943,45.616879,2146,4,14.95582287371856,0.0019
6091,"SE 192nd Avenue & 31st Street [nb]",-122.47802,45.598267,538,1,18.654306081784398,0.0019
6053,"Washington St & W 9th St fs",-122.672729,45.627689,2056,4,31.61061345865757,0.0019
663,"McLoughlin at Clark College [wb]",-122.652939,45.632431,1645,3,12.113184035866276,0.0018
2141,"Mill Plain & 136th Ave [wb]",-122.533333,45.618839,5452,10,18.50314181548049,0.0018
1250,"Mill Plain & Brandt Rd",-122.629486,45.627872,2192,4,21.161863459397782,0.0018
974,"Ft Vancouver Wy & 25th St",-122.647598,45.639389,1675,3,31.441179052537283,0.0018
579,"Washington & 13th St",-122.672821,45.63084,19465,35,43.69423812448029,0.0018
3315,"Burton & 109th Ave [eb]",-122.561737,45.642284,1127,2,35.66679437976925,0.0018
736,"Hazel Dell Ave & Hazel Dell Wy",-122.668289,45.66898,1202,2,23.431319561564063,0.0017
628,"Broadway & 24th St",-122.670288,45.638828,4044,7,10.10547165059345,0.0017
6043,"Mill Plain & 172nd Ave [wb]",-122.496468,45.617298,602,1,24.76599333554818,0.0017
3233,"NE 162nd Ave & 18th St [nb]",-122.506042,45.636349,1175,2,17.453916582978707,0.0017
316,"NE 136th Ave 200 Block  [nb]",-122.533989,45.621269,587,1,21.18986838671209,0.0017
800,"Hazel Dell Ave 4900 Block",-122.666946,45.657295,1158,2,30.395302282383458,0.0017
6059,"Fourth Plain & Harney",-122.680161,45.640324,597,1,13.109032174204351,0.0017
1251,"Mill Plain & Grand [wb]",-122.639961,45.6283,4501,7,33.16591861608537,0.0016
3347,"NE 99th St & 144th Ct",-122.524452,45.693699,639,1,14.071834223787176,0.0016
1134,"Andresen at WINCO [sb]",-122.60022,45.639091,4290,7,42.2811768517484,0.0016
6134,"Thurston Way [nb]",-122.586403,45.653034,9537,15,39.36724696445392,0.0016
1067,"NE 28th St & 103rd Ave [wb]",-122.567497,45.641201,1249,2,23.204986038430754,0.0016
1078,"NE 18th St & Carlson",-122.618034,45.634838,641,1,20.38649916380656,0.0016
6172,"Broadway & 16th Street [nb]",-122.67038,45.633579,6620,10,16.55388669425979,0.0015
1397,"SE 164th Ave & 5th St",-122.504089,45.618031,1361,2,17.58206381043353,0.0015
2221,"Hwy 99 at WalMart",-122.660126,45.686993,3894,6,23.813677558551603,0.0015
3495,"Grand & 1st St [sb]",-122.643501,45.620335,1952,3,17.09139477305329,0.0015
2679,"Van Mall Dr 7500 Block [eb]",-122.596603,45.657639,664,1,15.028540037650597,0.0015
1095,"NE 76th St & Ward Rd",-122.519371,45.67741,1331,2,15.948357788880541,0.0015
632,"Broadway & Evergreen Blvd",-122.670441,45.62851,29518,41,38.08354675520014,0.0014
619,"Broadway & 25th St",-122.670448,45.639679,4945,7,20.034715459049572,0.0014
6047,"NE 3rd Ave & Franklin St [wb]",-122.401352,45.58646,2143,3,17.328693825944935,0.0014
6121,"LaLonde Dr & St Johns [eb]",-122.617111,45.692501,695,1,17.419673519424457,0.0014
1099,"NE 76th St & 130th Ave",-122.5401,45.67754,723,1,14.557093188105107,0.0014
631,"Broadway & 7th St",-122.670502,45.626251,11884,17,18.86104495313016,0.0014
1062,"NE 28th St & 129th Ave",-122.540131,45.642963,1431,2,14.628218447239703,0.0014
850,"NE 117th Ave & 95th St [sb]",-122.552849,45.690048,699,1,10.350076894134482,0.0014
3284,"Kauffman & 29th St [sb]",-122.680977,45.642632,746,1,14.291854408847174,0.0013
1220,"Mill Plain 11700 Block",-122.551407,45.62056,3839,5,24.43747543813491,0.0013
6168,"78th Avenue [eb]",-122.592857,45.64687,9473,12,24.033415411485258,0.0013
828,"W Main St & SW 3rd Ave [eb]",-122.540031,45.78075,767,1,9.512878252933513,0.0013
6140,"78th Avenue [wb]",-122.593933,45.64666,9713,13,29.433706843508876,0.0013
3193,"SW Sam Jackson Pk & US Veterans",-122.687263,45.49905,756,1,34.51471377777775,0.0013
3186,"US Veterans Hospital",-122.683296,45.497059,766,1,33.8628084947781,0.0013
983,"St Johns & 52nd St",-122.63604,45.659981,1519,2,15.19853220210665,0.0013
3237,"NE 162nd Ave & 28th St [sb]",-122.506119,45.643299,772,1,44.8062015893783,0.0013
1189,"Mill Plain & Ft Vancouver Wy [eb]",-122.660622,45.630333,3002,4,33.6852714030646,0.0013
934,"NE 112th Ave & 46th St [nb]",-122.557861,45.655334,790,1,20.106813649367062,0.0013
794,"Hazel Dell Ave 7200 Block",-122.66848,45.67506,857,1,12.487028757292874,0.0012
3329,"Mill Plain & Garrison Rd [wb]",-122.592072,45.62476,3413,4,28.042272440668015,0.0012
6127,"McGillivray & Blairmont",-122.521805,45.607639,932,1,36.708404887339015,0.0011
252,"Addy St & Addy Loop",-122.321617,45.57325,4520,5,28.325354887610526,0.0011
1231,"Mill Plain & 97th Ave",-122.573921,45.621281,1841,2,32.20450944323732,0.0011
1117,"Evergreen Blvd & 5th St [eb]",-122.619858,45.62009,932,1,50.6971396019313,0.0011
1219,"Mill Plain & Chkalov Dr",-122.554062,45.6208,5074,5,31.460837332479286,0.0010
1104,"Evergreen Blvd & C St",-122.669815,45.628696,21062,21,18.468351347118176,0.0010
6025,"W 39th St & Fruit Valley Rd",-122.69146,45.650101,1019,1,19.780833091265926,0.0010
6170,"86th Avenue [wb]",-122.584351,45.650593,9527,10,18.052787134354915,0.0010
1140,"Evergreen Blvd & 5th St [wb]",-122.61982,45.620167,1002,1,22.98001591916167,0.0010
6142,"65th Avenue [wb]",-122.605453,45.644138,9711,9,58.5404894827513,0.0009
597,"NE 18th St & Brandt [wb]",-122.630539,45.634781,1133,1,13.713980881729922,0.0009
325,"NE 138th Ave & 18th St [sb]",-122.5308,45.63501,1120,1,11.3254783857143,0.0009
768,"Hwy 99 & 129th St [sb]",-122.651642,45.715118,1140,1,18.172380142982473,0.0009
1337,"Hwy 99 & 88th St",-122.660103,45.686459,3340,3,14.136682248502964,0.0009
3277,"Grand & Mill Plain [nb]",-122.640549,45.628601,1295,1,16.15783422239382,0.0008
3075,"Main & 40th St [sb]",-122.667381,45.651402,1304,1,12.93504077990798,0.0008
932,"NE 112th Ave & 39th St [sb]",-122.558258,45.650841,1187,1,22.300623499578784,0.0008
4161,"NE 76th St & 115th Ave [eb]",-122.555519,45.677723,1283,1,19.458209041309413,0.0008
2140,"Mill Plain & 136th Ave [eb]",-122.531837,45.618401,5249,4,19.359590948942735,0.0008
6023,"Fruit Valley Rd & La Frambois",-122.692322,45.645599,4984,4,19.50736511837892,0.0008
1330,"Hwy 99 & 63rd St [nb]",-122.663857,45.668289,2698,2,17.25047329651593,0.0007
1066,"NE 28th St & 109th Ave",-122.56237,45.642311,1420,1,13.639611160563375,0.0007
1192,"Mill Plain & V St [eb]",-122.648071,45.628281,1571,1,24.78729949077021,0.0006
6158,"Central Campus [nb]",-122.654343,45.635406,9767,6,43.13276405037366,0.0006
1084,"Fourth Plain & Gher Rd",-122.560753,45.665131,1551,1,19.110501038039985,0.0006
6151,"Marshall/Luepke Center [wb]",-122.660637,45.633915,9630,6,32.5524661583595,0.0006
734,"Main & 45th St [nb]",-122.666725,45.653198,1607,1,18.672415407591796,0.0006
2862,"NE 28th St & 119th Ave",-122.55159,45.642799,1556,1,35.762356124035996,0.0006
1023,"St James & 52nd St",-122.638069,45.65913,1544,1,14.08882042551816,0.0006
2696,"NE 117th Ave & 78th Wy",-122.552414,45.678745,1828,1,32.98139765973735,0.0005
6143,"57th Avenue [wb]",-122.611908,45.642509,9759,5,44.942651790347455,0.0005
6141,"Andresen Road [wb]",-122.602089,45.64465,9792,5,55.66224666493061,0.0005
1018,"St Johns & 68th St",-122.636551,45.671829,1931,1,18.43729914759196,0.0005
6152,"McLoughlin & Washington Street [wb]",-122.672302,45.634865,9750,5,13.325744567487199,0.0005
6048,"NE 3rd Ave & Franklin St [eb]",-122.401138,45.586349,2031,1,26.00160357163956,0.0005
6135,"Thurston Way [sb]",-122.586479,45.652931,9595,5,25.84259452141755,0.0005
1393,"Andresen & Mill Plain",-122.601555,45.627495,2113,1,16.545776150496934,0.0005
6148,"Ft. Vancouver Way & Fourth Plain [sb]",-122.648415,45.638126,9773,5,29.730985066202823,0.0005
6124,"SE 136th Ave & Mill Plain [sb]",-122.532776,45.618137,2502,1,15.078597290167833,0.0004
6147,"Grand Boulevard [wb]",-122.642311,45.638157,9804,4,21.722952402284765,0.0004
6155,"Broadway & 13th Street [nb]",-122.670418,45.630688,9754,4,54.64969253198719,0.0004
6144,"Stapleton Road [wb]",-122.617233,45.64122,9722,4,22.012950357539598,0.0004
6145,"General Anderson [wb]",-122.620956,45.640129,9785,3,18.445631705365397,0.0003
6153,"Washington & 12th Street [sb]",-122.67276,45.630524,9855,3,35.185860492440476,0.0003
6157,"Marshall/Luepke Center [eb]",-122.65995,45.633579,9635,3,30.29010181172823,0.0003
6046,"E 15th St & Broadway [wb]",-122.670036,45.632668,7832,2,27.162657273365586,0.0003
6166,"65th Avenue [eb]",-122.604408,45.644112,9742,3,34.2837958399712,0.0003
6162,"Todd Road [eb]",-122.63266,45.637348,9795,2,27.762835883103715,0.0002
6150,"Central Campus [sb]",-122.655067,45.635204,9665,2,35.4256859111228,0.0002
6160,"Fourth Plain & Ft. Vancouver Way [eb]",-122.645966,45.638275,9791,2,17.712100446736866,0.0002
6167,"Andresen Road [eb]",-122.599457,45.644844,9754,1,35.559498986979555,0.0001
6169,"86th Avenue [eb]",-122.585266,45.650002,9552,1,36.7828616075167,0.0001
6106,NULL,NULL,NULL,282,NULL,19.403746503546103,NULL
6122,NULL,NULL,NULL,3497,NULL,21.5632632116099,NULL
6041,NULL,NULL,NULL,225,NULL,15.897796888888886,NULL
2346,NULL,NULL,NULL,361,NULL,12.839344659279778,NULL
2949,NULL,NULL,NULL,702,NULL,18.119919451566922,NULL
4148,NULL,NULL,NULL,185,NULL,16.19345117297297,NULL
3176,NULL,NULL,NULL,352,NULL,42.42877494318182,NULL
2659,NULL,NULL,NULL,289,NULL,28.07308724221456,NULL
975,NULL,NULL,NULL,768,NULL,16.127392304687493,NULL
678,NULL,NULL,NULL,457,NULL,16.212953625820564,NULL
524,NULL,NULL,NULL,170,NULL,21.80026809411767,NULL
899,NULL,NULL,NULL,339,NULL,14.466464023598824,NULL
2006,NULL,NULL,NULL,30,NULL,22.957679233333334,NULL
3296,NULL,NULL,NULL,197,NULL,18.70604809137056,NULL
547,NULL,NULL,NULL,64,NULL,31.4417300625,NULL
2966,NULL,NULL,NULL,55,NULL,15.33510521818182,NULL
537,NULL,NULL,NULL,26,NULL,17.221820038461537,NULL
3202,NULL,NULL,NULL,58,NULL,16.580944362068962,NULL
2708,NULL,NULL,NULL,19,NULL,39.65704952631578,NULL
2638,NULL,NULL,NULL,5,NULL,11.4860626,NULL
2977,NULL,NULL,NULL,73,NULL,12.86501630136986,NULL
6164,NULL,NULL,NULL,9756,NULL,16.249371052788053,NULL
3229,NULL,NULL,NULL,689,NULL,17.660776375907098,NULL
1046,NULL,NULL,NULL,918,NULL,13.076678805010893,NULL
3089,NULL,NULL,NULL,254,NULL,17.086926303149603,NULL
2660,NULL,NULL,NULL,356,NULL,16.309403002808992,NULL
979,NULL,NULL,NULL,541,NULL,55.88062356746763,NULL
2173,NULL,NULL,NULL,266,NULL,15.459303135338345,NULL
613,NULL,NULL,NULL,38,NULL,32.15255268421054,NULL
6040,NULL,NULL,NULL,224,NULL,47.23591480803571,NULL
2399,NULL,NULL,NULL,175,NULL,28.6537995142857,NULL
3206,NULL,NULL,NULL,149,NULL,16.273406288590607,NULL
879,NULL,NULL,NULL,88,NULL,20.293967693181813,NULL
4178,NULL,NULL,NULL,133,NULL,25.020088706766913,NULL
561,NULL,NULL,NULL,122,NULL,21.786873196721317,NULL
2062,NULL,NULL,NULL,19,NULL,52.39927410526316,NULL
4121,NULL,NULL,NULL,39,NULL,11.0981688974359,NULL
2980,NULL,NULL,NULL,123,NULL,18.809830593495935,NULL
784,NULL,NULL,NULL,75,NULL,23.123507399999994,NULL
552,NULL,NULL,NULL,45,NULL,29.408701711111114,NULL
2312,NULL,NULL,NULL,8,NULL,18.695854249999996,NULL
748,NULL,NULL,NULL,104,NULL,14.836905625000004,NULL
3000,NULL,NULL,NULL,160,NULL,53.85775755625001,NULL
3310,NULL,NULL,NULL,120,NULL,25.402674475,NULL
724,NULL,NULL,NULL,1246,NULL,18.754837836276064,NULL
6165,NULL,NULL,NULL,9724,NULL,39.44289206334821,NULL
550,NULL,NULL,NULL,155,NULL,24.653372509677418,NULL
332,NULL,NULL,NULL,219,NULL,21.331053835616437,NULL
4159,NULL,NULL,NULL,207,NULL,12.548733202898545,NULL
1278,NULL,NULL,NULL,179,NULL,18.054808072625693,NULL
4137,NULL,NULL,NULL,264,NULL,19.64610750378787,NULL
2080,NULL,NULL,NULL,207,NULL,20.496212236714978,NULL
3303,NULL,NULL,NULL,345,NULL,17.25583461739131,NULL
2003,NULL,NULL,NULL,108,NULL,18.89983984259259,NULL
2917,NULL,NULL,NULL,298,NULL,21.319422255033565,NULL
3003,NULL,NULL,NULL,67,NULL,23.106218179104484,NULL
816,NULL,NULL,NULL,179,NULL,15.77816874860336,NULL
2845,NULL,NULL,NULL,103,NULL,30.436545970873798,NULL
6015,NULL,NULL,NULL,142,NULL,14.807178999999993,NULL
685,NULL,NULL,NULL,217,NULL,17.44147003225807,NULL
2233,NULL,NULL,NULL,122,NULL,21.687455639344265,NULL
3010,NULL,NULL,NULL,54,NULL,22.387517851851843,NULL
1150,NULL,NULL,NULL,38,NULL,17.451064236842104,NULL
2004,NULL,NULL,NULL,8,NULL,22.494681125,NULL
2999,NULL,NULL,NULL,67,NULL,54.16659667164178,NULL
4122,NULL,NULL,NULL,537,NULL,28.754195610800757,NULL
2887,NULL,NULL,NULL,983,NULL,24.475212095625626,NULL
559,NULL,NULL,NULL,169,NULL,14.623925887573964,NULL
525,NULL,NULL,NULL,102,NULL,15.660981460784313,NULL
6095,NULL,NULL,NULL,417,NULL,16.951957527577935,NULL
753,NULL,NULL,NULL,69,NULL,26.81682875362318,NULL
2978,NULL,NULL,NULL,169,NULL,14.963947621301779,NULL
2383,NULL,NULL,NULL,620,NULL,14.983570595161279,NULL
2836,NULL,NULL,NULL,64,NULL,19.510392203125004,NULL
2868,NULL,NULL,NULL,13,NULL,14.932402769230768,NULL
2033,NULL,NULL,NULL,91,NULL,19.21961046153847,NULL
2973,NULL,NULL,NULL,35,NULL,19.749312457142857,NULL
2318,NULL,NULL,NULL,37,NULL,19.072970810810812,NULL
1360,NULL,NULL,NULL,3,NULL,28.068948666666667,NULL
3035,NULL,NULL,NULL,332,NULL,15.501614499999999,NULL
2182,NULL,NULL,NULL,154,NULL,26.776994727272722,NULL
815,NULL,NULL,NULL,767,NULL,15.70187555932204,NULL
611,NULL,NULL,NULL,187,NULL,14.819182310160429,NULL
3294,NULL,NULL,NULL,140,NULL,15.507900014285715,NULL
2325,NULL,NULL,NULL,416,NULL,15.588272889423065,NULL
6022,NULL,NULL,NULL,806,NULL,14.548673415632742,NULL
6094,NULL,NULL,NULL,381,NULL,17.406459020997385,NULL
600,NULL,NULL,NULL,507,NULL,12.915980280078882,NULL
2001,NULL,NULL,NULL,67,NULL,16.531487119402982,NULL
3312,NULL,NULL,NULL,192,NULL,14.347275135416673,NULL
545,NULL,NULL,NULL,60,NULL,19.84801526666667,NULL
610,NULL,NULL,NULL,88,NULL,13.766652159090917,NULL
553,NULL,NULL,NULL,144,NULL,16.87926578472222,NULL
2055,NULL,NULL,NULL,210,NULL,25.087034638095254,NULL
2095,NULL,NULL,NULL,107,NULL,20.429518233644874,NULL
6054,NULL,NULL,NULL,58,NULL,19.383367586206894,NULL
2275,NULL,NULL,NULL,35,NULL,61.517479171428555,NULL
2926,NULL,NULL,NULL,24,NULL,15.17715854166667,NULL
3274,NULL,NULL,NULL,17,NULL,18.607501176470592,NULL
3039,NULL,NULL,NULL,187,NULL,15.783425556149725,NULL
3074,NULL,NULL,NULL,452,NULL,20.774013398230114,NULL
739,NULL,NULL,NULL,586,NULL,22.78749073208188,NULL
296,NULL,NULL,NULL,1310,NULL,16.834112549618293,NULL
2933,NULL,NULL,NULL,566,NULL,21.947416720848064,NULL
608,NULL,NULL,NULL,107,NULL,15.670898327102813,NULL
6132,NULL,NULL,NULL,296,NULL,19.7446172804054,NULL
2347,NULL,NULL,NULL,250,NULL,20.37268731199999,NULL
2965,NULL,NULL,NULL,118,NULL,19.557323686440686,NULL
3348,NULL,NULL,NULL,21,NULL,34.30511752380953,NULL
2964,NULL,NULL,NULL,190,NULL,25.017255010526334,NULL
786,NULL,NULL,NULL,129,NULL,19.072840976744192,NULL
290,NULL,NULL,NULL,200,NULL,16.04691806499999,NULL
546,NULL,NULL,NULL,44,NULL,26.488778659090904,NULL
2065,NULL,NULL,NULL,109,NULL,9.611116513761468,NULL
3251,NULL,NULL,NULL,145,NULL,23.101383110344823,NULL
4152,NULL,NULL,NULL,56,NULL,19.315100839285716,NULL
2011,NULL,NULL,NULL,19,NULL,30.93263584210526,NULL
2706,NULL,NULL,NULL,55,NULL,22.04582294545455,NULL
576,NULL,NULL,NULL,25,NULL,16.591552039999996,NULL
2840,NULL,NULL,NULL,30,NULL,17.270375466666668,NULL
2663,NULL,NULL,NULL,303,NULL,24.13558140264025,NULL
2098,NULL,NULL,NULL,474,NULL,16.266325345991582,NULL
4177,NULL,NULL,NULL,45,NULL,27.703164933333348,NULL
3016,NULL,NULL,NULL,202,NULL,14.707907871287121,NULL
3350,NULL,NULL,NULL,464,NULL,17.79071365301724,NULL
3377,NULL,NULL,NULL,643,NULL,27.96260585069985,NULL
582,NULL,NULL,NULL,1550,NULL,31.04749232258067,NULL
599,NULL,NULL,NULL,582,NULL,20.990619499999998,NULL
788,NULL,NULL,NULL,158,NULL,18.953810341772147,NULL
3375,NULL,NULL,NULL,317,NULL,19.36803712302839,NULL
1017,NULL,NULL,NULL,91,NULL,31.419485428571445,NULL
719,NULL,NULL,NULL,88,NULL,22.180372249999998,NULL
3380,NULL,NULL,NULL,196,NULL,20.40292479081634,NULL
534,NULL,NULL,NULL,8,NULL,19.620556625000003,NULL
2969,NULL,NULL,NULL,92,NULL,19.482685978260864,NULL
548,NULL,NULL,NULL,15,NULL,19.276547666666662,NULL
684,NULL,NULL,NULL,309,NULL,20.521779491909378,NULL
2212,NULL,NULL,NULL,934,NULL,19.057056821199115,NULL
3379,NULL,NULL,NULL,214,NULL,25.265612682242974,NULL
2886,NULL,NULL,NULL,278,NULL,16.684476172661874,NULL
3032,NULL,NULL,NULL,812,NULL,9.898982908866984,NULL
1110,NULL,NULL,NULL,623,NULL,9.072486544141242,NULL
3181,NULL,NULL,NULL,449,NULL,49.4703666703786,NULL
572,NULL,NULL,NULL,136,NULL,25.583991897058812,NULL
3012,NULL,NULL,NULL,44,NULL,14.806084568181813,NULL
2213,NULL,NULL,NULL,365,NULL,20.207576027397245,NULL
747,NULL,NULL,NULL,199,NULL,25.814356592964828,NULL
2267,NULL,NULL,NULL,84,NULL,15.549464869047618,NULL
307,NULL,NULL,NULL,44,NULL,19.994243386363642,NULL
2000,NULL,NULL,NULL,68,NULL,14.639589926470588,NULL
